IMAGE_FILENAME,PLATE_NUMBER,preds_affine,ldist_affine,preds_rotate,ldist_rotate,preds_combine,ldist_combine
carro_j02d7wxqAvjIjFsG.jpg,B2002TON,B2002TON,1.0,B2002TON,1.0,B2002TON,1.0
carro_PyLHOekBSD2grTKb.jpg,B2105TG,B2105G,0.8571428571428571,2705IG,0.5714285714285714,B2105G,0.8571428571428571
carro_7KQ9AM21pfUS7lN6.jpg,B2845SOB,B2845SOB,1.0,32845SOB,0.875,B2845SOB,1.0
carro_xsmCftZ1Ho5C3948.jpg,B2848PKJ,B2848PKJ,1.0,B2848PKJ,1.0,B2848PKJ,1.0
carro_KgjxxEKXNwvRdKif.jpg,B2761TBL,B2761TTL,0.875,B2761TBL,1.0,B2761TBL,1.0
carro_LOXUG6FzrYtj5IGR.jpg,B2106WE,B2106WE,1.0,B2106WE,1.0,B2106WE,1.0
carro_AmlmqhDb7U75uVag.jpg,B1983BMK,B1983BMK,1.0,B1983BMK,1.0,B1983BMK,1.0
carro_jvpgUoWTPh48n5sa.jpg,B1343ZKJ,B1343ZKJ,1.0,B1343ZKJ,1.0,B1343ZKJ,1.0
carro_jsSQPGV9anqYbpZP.jpg,B1027SAC,B1027SAC,1.0,B1027SAC,1.0,B1027SAC,1.0
IMG-20210211-WA0006.jpg,B1657NYV,B1657NYV,1.0,B1657NYV,1.0,B1657NYV,1.0
carro_qBTDADEcLO7mo3Tc.jpg,B1573EOH,B1573EOH,1.0,B1573EDH,0.875,B1573EDH,0.875
IMG_20210218_091921.jpg,F1620AF,I1620AF,0.8571428571428571,I1620AF,0.8571428571428571,I1620AF,0.8571428571428571
carro_zV4joI1SprVdi9hx.jpg,B2973BYK,B2973BYK,1.0,B2973BYK,1.0,B2973BYK,1.0
carro_xpiFESBBc6KmY4Gf.jpg,B1097NBJ,B1097NBJ,1.0,B1097NBJ,1.0,B1097NBJ,1.0
carro_MWJLePXUibjQGgIN.jpg,B1507KRP,B1507KRP,1.0,B1507KRP,1.0,B1507KRP,1.0
IMG_20210221_104830.jpg,B1926KKD,B1926KKD,1.0,B1926KKD,1.0,B1926KKD,1.0
carro_4a5LjGAOx4vsFDdS.jpg,B2242PY,B2242PY,1.0,2242PY,0.8571428571428571,B2242PY,1.0
carro_dwJpfQmmQp4pgQ2B.jpg,B1735SAK,B1735SAK,1.0,B1735SAK,1.0,B1735SAK,1.0
carro_YvwtGGLywlCCxvvE.jpg,B2873KFY,B2873KFY,1.0,B2873KFY,1.0,B2873KFY,1.0
carro_zVinV9gwJ2OO6sUb.jpg,B1645BRZ,B1645BRZ,1.0,B1645BRZ,1.0,B1645BRZ,1.0
carro_6YxLH666RFC8bFOT.jpg,B1070FLS,B1070FLS,1.0,B1070FLS,1.0,B1070FLS,1.0
IMG_20210215_171831.jpg,D1495XC,1495XC,0.8571428571428571,1495XC,0.8571428571428571,1495XC,0.8571428571428571
carro_BGKSMEETPkonMMzx.jpg,B2623UFD,B2623UFD,1.0,B2623UFD,1.0,B2623UFD,1.0
carro_FPnqalUaH9244az6.jpg,B1698KFX,B1698KFX,1.0,B1698KFX,1.0,B1698KFX,1.0
IMG_20210215_124928.jpg,B1123ELQ,ELQ,0.375,ELQ,0.375,ELQ,0.375
carro_JUfFclJeVHdXqMcp.jpg,B1976WUK,B1976WUK,1.0,B1976WUK,1.0,B1976WUK,1.0
carro_zFmpEfL6PoBQ8Cu8.jpg,B9101TCD,B9101TCD,1.0,B9101TCD,1.0,B9101TCD,1.0
carro_GRdGnrpJR0RjF85i.jpg,B1404BRM,B1404BRM,1.0,B1404BRM,1.0,B1404BRM,1.0
IMG_20210205_102615.jpg,B2800KR,B2800KR,1.0,B2800KR,1.0,B2800KR,1.0
carro_ZGkprT0zvbyAPvxc.jpg,B2951SFQ,32951SFQ,0.875,32951SFQ,0.875,32951SFQ,0.875
carro_KykflDLSauUguX1s.jpg,B1943UJR,B1943UJR,1.0,B1943UJR,1.0,B1943UJR,1.0
carro_UULXtfDenIKuNrTo.jpg,B2247TBK,B2247TBK,1.0,B2247TBK,1.0,B2247TBK,1.0
carro_WjPlOXhNQWiJ1nZV.jpg,B1511WOL,B1511WOL,1.0,B1511WOL,1.0,B1511WOL,1.0
carro_NPmcy0NOyL26dwNo.jpg,B1660KMR,B1660KMR,1.0,B9660KMR,0.875,B9660KMR,0.875
carro_9iZUF6VgSfShdYx7.jpg,B1049UIC,B1049UIC,1.0,B1049UIC,1.0,B1049UIC,1.0
carro_1SNgAzhPJaEV7ZaN.jpg,B1179UVJ,B1179UJJ,0.875,B1179UJJ,0.875,B1179UJJ,0.875
carro_hbS6b2n6Vloc7rBN.jpg,B2580SXH,B2580SKH,0.875,2580SXH,0.875,B2580SKH,0.875
carro_x1jaTguIYYgp3Dqq.jpg,B1817BZE,B1817BZE,1.0,B1817BZE,1.0,B1817BZE,1.0
carro_bZCgFl9CKeD3ho9p.jpg,B1893NRI,1893NRI,0.875,1893NRI,0.875,1893NRI,0.875
carro_EpjFOVBOu34e9sBo.jpg,B2520SBM,82520SBM,0.875,82520SBM,0.875,82520SBM,0.875
carro_ZW4t5CRrmteYVyRi.jpg,B1059PIO,B1059PIO,1.0,B1059PIO,1.0,B1059PIO,1.0
carro_J5dZ0tKPI7EiCPFm.jpg,B1170KZZ,B1170KZZ,1.0,B1170KZZ,1.0,B1170KZZ,1.0
carro_4EQy4LJz2pgcdUvh.jpg,B125AND,B125AND,1.0,B125AND,1.0,B125AND,1.0
carro_He3vxhyinH119JJl.jpg,B1520KRF,B1520KRF,1.0,B1520KRF,1.0,B1520KRF,1.0
carro_GRsJOytkUhjkcejE.jpg,B1273SRU,B1273SRU,1.0,B1273SRU,1.0,B1273SRU,1.0
carro_LAn0hASFTJGNu1hP.jpg,B1618UZS,B1618UZS,1.0,B1618UZS,1.0,B1618UZS,1.0
carro_397WFBJj6GHreCT4.jpg,B1300POU,B1300POU,1.0,B1300POU,1.0,B1300POU,1.0
IMG_20210217_145645.jpg,B1463KRS,B1463KRS,1.0,B1463KRS,1.0,B1463KRS,1.0
carro_tRqpbFRrjzcSLJh7.jpg,B2069BOL,B2069BOL,1.0,B2069BOL,1.0,B2069BOL,1.0
carro_oayo0k32LeUQ8BEr.jpg,A1196WZ,A1196WZ,1.0,1196WZ,0.8571428571428571,A1196WZ,1.0
carro_Orxo3ZsGESo30lZx.jpg,B128GGB,128GGB,0.8571428571428571,B128GGB,1.0,128GGB,0.8571428571428571
carro_DXMsiLdZwjoWXtN9.jpg,B1605SKS,B1605SKS,1.0,B1605SKS,1.0,B1605SKS,1.0
IMG_20210127_140237.jpg,B1747UZC,81747UZC,0.875,81747UZC,0.875,81747UZC,0.875
carro_6TVVlHNX17GQ9uCX.jpg,F1351CN,F1351CN,1.0,1351CN,0.8571428571428571,F1351CN,1.0
carro_0N5iJEuAX4hIShTX.jpg,B15NRG,B31NRG,0.6666666666666666,B57NRG,0.6666666666666666,B31NRG,0.6666666666666666
carro_ieCUkphsCqGTxNO7.jpg,F1274KY,F1274KY,1.0,1274KY,0.8571428571428571,F1274KY,1.0
carro_YqRnRw6kCYhepPe9.jpg,B1087PRX,B1087PRX,1.0,B1087PRX,1.0,B1087PRX,1.0
carro_kEsbyZOcODveltqw.jpg,B2118TFV,B2118TFV,1.0,B2118TFV,1.0,B2118TFV,1.0
carro_2IlJ2qn6HKJAYDaH.jpg,B1782UJM,1782UJM,0.875,1782UJM,0.875,1782UJM,0.875
carro_RHpZnQHgeagFZpYI.jpg,B2490PBH,B2490PBH,1.0,B2490PBH,1.0,B2490PBH,1.0
carro_EEfi6icOfRXmZEJB.jpg,B2623UFD,B2623UFD,1.0,B2623UFD,1.0,B2623UFD,1.0
carro_VYkBCiRMiBXT93XT.jpg,B8186ZC,B8186ZC,1.0,B8186ZC,1.0,B8186ZC,1.0
carro_1PJ9ZLT6XxvA5azk.jpg,B2972TFI,B2972TFI,1.0,B2972TFI,1.0,B2972TFI,1.0
carro_rwyDee1IXvI46zTB.jpg,B1683KRU,1683KRU,0.875,1683KRU,0.875,1683KRU,0.875
carro_LfOwZXk66QDIyHnd.jpg,B1209TMG,B1209TMG,1.0,B1209TMG,1.0,B1209TMG,1.0
IMG_20210220_111506.jpg,B2068SFY,B2068SFY,1.0,B2068SFY,1.0,B2068SFY,1.0
carro_RifHuHX5OSDAq5gJ.jpg,T1848L,T1848,0.8333333333333334,T1848,0.8333333333333334,T1848,0.8333333333333334
carro_lylEd7Y1KkX6irSB.jpg,B1408TFR,B1008TFR,0.875,B1408TFR,1.0,B1008TFR,0.875
carro_JzgFa9Vk3dFiNpAw.jpg,B1808PIJ,B1808PIJ,1.0,1808PIJ,0.875,B1808PIJ,1.0
carro_rlNDlcXxE94OT17S.jpg,B2176SYX,B2176SYX,1.0,2176SYX,0.875,B2176SYX,1.0
IMG_20210204_121411.jpg,B471SJT,3471SJT,0.8571428571428571,3471SJT,0.8571428571428571,3471SJT,0.8571428571428571
carro_sT5EswAkBLDjyycP.jpg,B1343RY,B1343RY,1.0,B1343RY,1.0,B1343RY,1.0
carro_lnK8EvzFobkPHd4L.jpg,F1309KW,1319KW,0.7142857142857143,1319KW,0.7142857142857143,1319KW,0.7142857142857143
carro_uX6F2Mlc6VLxTHFD.jpg,B1752WJC,B1752WJC,1.0,B1752WIC,0.875,B1752WJC,1.0
carro_BWh4UpNLcANk2gci.jpg,B2328TZX,B2328TZX,1.0,B2328IZX,0.875,B2328TZX,1.0
carro_QzHSRGam9bWysUPX.jpg,B8763DA,B8763DA,1.0,B8763DA,1.0,B8763DA,1.0
carro_yrAR9wmxPDRkA9cf.jpg,B1407UFR,7407JFR,0.625,1407JFR,0.75,1407JFR,0.75
carro_ik0tuWHRu9nke4rS.jpg,B1670BOC,B1670BOC,1.0,B1670BOC,1.0,B1670BOC,1.0
carro_mEc6D9s5XkdJnZ9M.jpg,B2791SXC,2791SXC,0.875,2791SAC,0.75,2791SXC,0.875
IMG-20210221-WA0076.jpg,B2309SBJ,B2309SBJ,1.0,B2309SBJ,1.0,B2309SBJ,1.0
carro_QET566cQJKtEaz7j.jpg,B2540KBB,B2540KBB,1.0,B2540KBB,1.0,B2540KBB,1.0
carro_HrndeczA6ko56AM2.jpg,B1849PYR,B1849PYR,1.0,B1849PYR,1.0,B1849PYR,1.0
carro_VkY7GfWbnWlkPMTN.jpg,D1245VCB,1245VCBI,0.75,I1245VCB,0.875,1245VCBI,0.75
carro_Jjyr004Ed8bKGnkn.jpg,B1843JUF,1843JUF,0.875,B1843JUF,1.0,1843JUF,0.875
carro_d9EgmI519xaAtzZ8.jpg,B2314BYZ,B2314BYZ,1.0,B2314BYZ,1.0,B2314BYZ,1.0
IMG_20210129_100254.jpg,B2741VH,B2741VH,1.0,B2741VH,1.0,B2741VH,1.0
carro_EclFGWDxZsRQv5Z8.jpg,B2084BOK,B2084BOK,1.0,B2084BOK,1.0,B2084BOK,1.0
carro_67BtGT6WsyTOSNi1.jpg,F1885BJ,F1885BJ,1.0,F1885BJ,1.0,F1885BJ,1.0
carro_L7eG9BJlldv9Xxxi.jpg,B1655BOH,B1655BOH,1.0,B1655BOH,1.0,B1655BOH,1.0
carro_iH0eqKDFkUUeR1DZ.jpg,B1364KFJ,JB1364KFJ,0.875,B1364KFJ,1.0,B1364KFJ,1.0
carro_c3LiM2wVvYN2LPvi.jpg,B8750SK,B8750SK,1.0,DO8750SK,0.7142857142857143,B8750SK,1.0
IMG_20210215_114147.jpg,B2604SIG,B2604SIG,1.0,B2604SIG,1.0,B2604SIG,1.0
carro_V80MLpMI9ME8a2MZ.jpg,F1461ID,ID1461,0.42857142857142855,ID1461,0.42857142857142855,ID1461,0.42857142857142855
carro_mb6s9H3uPeKLp9TJ.jpg,B1698SAC,B1698SAC,1.0,B1698SAC,1.0,B1698SAC,1.0
carro_RXEo5xH9i60wq0vk.jpg,B2430EO,B2430E0,0.8571428571428571,B2430E0,0.8571428571428571,B2430E0,0.8571428571428571
carro_LjEAdXtt0cRHkvGf.jpg,B1860FRN,BI11860FRN,0.75,B71880FRN,0.75,BI11860FRN,0.75
carro_yGCxMqulu5iVvuqh.jpg,T1645DX,I1645DX,0.8571428571428571,I1645DX,0.8571428571428571,I1645DX,0.8571428571428571
IMG_20210128_134858.jpg,B1122NKI,B1122NKI,1.0,B1122NKI,1.0,B1122NKI,1.0
carro_lHS6LwDl6MFi0pml.jpg,B1978BZK,B1978BZK,1.0,B1978BZK,1.0,B1978BZK,1.0
IMG_20210217_113338.jpg,B1472SZS,B1472SZS,1.0,B1472SZS,1.0,B1472SZS,1.0
carro_RFtPmpfqric1SgXm.jpg,B1122MP,B1122MP,1.0,B1122MP,1.0,B1122MP,1.0
IMG_20210217_110055.jpg,B1315KBD,B1315KBD,1.0,31315KBD,0.875,B1315KBD,1.0
carro_yfUNTkweN6SvcHxk.jpg,B1098SAM,B1098SAM,1.0,B1098SAM,1.0,B1098SAM,1.0
carro_HxiZ4GmXUPblKGPK.jpg,B1445PJO,B1445PJO,1.0,B1445PJO,1.0,B1445PJO,1.0
carro_y2EBuDWmp5jlxyKj.jpg,B2792KVE,B2792KVE,1.0,B2792KVE,1.0,B2792KVE,1.0
carro_ZGY5CiduOOT4izyk.jpg,B8445TA,B8445TA,1.0,LIB8445TA,0.7142857142857143,B8445TA,1.0
carro_oLC6rliE4kWAisn6.jpg,B2384TOB,B2384TOB,1.0,B2384TOB,1.0,B2384TOB,1.0
carro_wizXKl2QUYuLc1vu.jpg,B1845POS,B1845POS,1.0,B1845POS,1.0,B1845POS,1.0
carro_CiDT4iD212E0l9Ck.jpg,B9526BCT,B9526BCT,1.0,B9526BCT,1.0,B9526BCT,1.0
carro_KjSdCJrtepWbkdgA.jpg,B1433WFP,B1433WFP,1.0,B1433WFP,1.0,B1433WFP,1.0
carro_3ttNm3EKl1IyYfuk.jpg,B28SAT,B28SAT,1.0,28SAT,0.8333333333333334,B28SAT,1.0
carro_lxj0y2lbt5f7lVO6.jpg,B1552BRQ,B1552BRQ,1.0,B1552BRQ,1.0,B1552BRQ,1.0
carro_d8KmIzB7m6YXbefz.jpg,B1252FGX,B1252FGX,1.0,B1252FGX,1.0,B1252FGX,1.0
carro_tXUPtlqHPyDLA8FU.jpg,B1502SLO,B1502SLOI,0.875,B1502SLO,1.0,B1502SLO,1.0
carro_5Nho4VCz9IQbKbNX.jpg,B1315HU,HU13315,0.2857142857142857,THUIB13315,0.0,THU13315,0.14285714285714285
carro_0l4egaSDHqFC1R6S.jpg,F1320AAE,F1320AAE,1.0,F1320AAE,1.0,F1320AAE,1.0
carro_YbLRSRd0e3Cix72r.jpg,B888JRY,BB888JRY,0.8571428571428571,888JRY,0.8571428571428571,BB888JRY,0.8571428571428571
carro_LmO56nHvxQFIWIo2.jpg,B2084BOK,B2084BOK,1.0,B2084BOK,1.0,B2084BOK,1.0
carro_tcnHN0WqPn5ngUuB.jpg,B2651BKO,B2651BKO,1.0,B2651BKO,1.0,B2651BKO,1.0
carro_13c60DAgzGV6Ng5s.jpg,D1887VBR,I1887VBR,0.875,D1887VBR,1.0,I1887VBR,0.875
carro_cBcVcBsUjqqhtxJA.jpg,B1857SZU,B1857SZU,1.0,601857SZU,0.75,B1857SZU,1.0
carro_e2aShRPei180hvpZ.jpg,B1059PIO,B1059PIO,1.0,31059PIO,0.875,B1059PIO,1.0
IMG_20210207_093905.jpg,B8443KS,B8443KS,1.0,B8443KS,1.0,B8443KS,1.0
IMG_20210201_113231.jpg,B1633FKG,B1633FKG,1.0,B1633FKG,1.0,B1633FKG,1.0
carro_5Fjj4uJa2mLyiin6.jpg,B1790PYP,31790PYP,0.875,31790PYP,0.875,31790PYP,0.875
20210127_110146.jpg,B2347SKN,B2347SKN,1.0,B2347SKN,1.0,B2347SKN,1.0
IMG_20210211_140725.jpg,B1045GKQ,1045GKQ,0.875,1045CKQ,0.75,1045GKQ,0.875
carro_41UUR0iTvuPHM12r.jpg,B1604NRJ,31604NRJ,0.875,31604NRJ,0.875,31604NRJ,0.875
carro_7Ge9XIPhfjsNdhFE.jpg,B1757PRR,31757PRR,0.875,31757PRR,0.875,31757PRR,0.875
carro_PcyXmov93jXJzDkl.jpg,B28SAT,B28SAT,1.0,28SAT,0.8333333333333334,B28SAT,1.0
carro_jIwwmbsE4sduHtt6.jpg,B1406KRL,B1406KKL,0.875,B14UBKKL,0.625,B1406KKL,0.875
carro_t1ezETL4JX7nTnjT.jpg,B2017PBE,2017PBE,0.875,2017PBE,0.875,2017PBE,0.875
carro_rSxUE8QkPyaPYyJ8.jpg,B453NDY,B453NDY,1.0,3453NDY,0.8571428571428571,B453NDY,1.0
carro_16C21GfP7HKYlyVj.jpg,B1667NYP,B1667NYP,1.0,1667NYP,0.875,B1667NYP,1.0
carro_mwGRELwPlRcg2VvJ.jpg,B1930VFV,B1930VFV,1.0,B1930VFV,1.0,B1930VFV,1.0
IMG_20210221_094054.jpg,B1854SLO,B1854SLO,1.0,B1854SLO,1.0,B1854SLO,1.0
carro_Rr9HPtjVKIp5cYvi.jpg,B1449TFB,B1449TFB,1.0,B1449TFB,1.0,B1449TFB,1.0
carro_3cBVBr3Nle97gHwf.jpg,F1421IZ,1421IZ,0.8571428571428571,1421IZ,0.8571428571428571,1421IZ,0.8571428571428571
carro_iwj33rTd0j7UKBx9.jpg,B1720KFW,3TZUPKN,0.125,317Z0PWW,0.5,3TZUPKN,0.125
carro_LGk72hrFD8sb7coZ.jpg,B2459NBA,B2459NBA,1.0,B2459NBA,1.0,B2459NBA,1.0
carro_8WH8JxpPRmSpX3MF.jpg,B2913TFW,B2913TFW,1.0,2913TFW,0.875,B2913TFW,1.0
carro_gVxhbFihGQVxbFgO.jpg,B1908UKZ,B1908UKZ,1.0,B1908UKZ,1.0,B1908UKZ,1.0
IMG_20210206_112913.jpg,B1775SAC,B1775SAC,1.0,B1775SAC,1.0,B1775SAC,1.0
carro_KEUG5rbiOpTXcars.jpg,B1930ZEO,B1930ZEO,1.0,B1930ZEO,1.0,B1930ZEO,1.0
carro_IUKnfZh3XFXyaW3L.jpg,B2964KFQ,B2964KFQ,1.0,2964KFQ,0.875,B2964KFQ,1.0
carro_qgxm5q0B4S2jO5TZ.jpg,AB1776UQ,AB1776UQ,1.0,AB1776UQ,1.0,AB1776UQ,1.0
carro_66y0JdFXBf0mKQY0.jpg,B2857SRH,2857SRH,0.875,2857SRH,0.875,2857SRH,0.875
carro_irPrD0C7xLY0Sq1E.jpg,B1303SJV,B1303SJV,1.0,B1303SJV,1.0,B1303SJV,1.0
carro_QQqlt6AqhaVA0sB8.jpg,B1539NMU,B1539NMU,1.0,B1539NMU,1.0,B1539NMU,1.0
carro_C4IVSb6jufAFJjQu.jpg,B1783VMI,B1783VMI,1.0,B1783VMI,1.0,B1783VMI,1.0
carro_jzv5BozAAkzwURwe.jpg,F1130ER,F1130ER,1.0,1130ER,0.8571428571428571,F1130ER,1.0
carro_bGv5kHKkKvSlPMTW.jpg,B2339TOJ,2339TOJ,0.875,2339TOJ,0.875,2339TOJ,0.875
carro_qsMmAPQtvHZUmfDz.jpg,B1855WYC,WYC1855B,0.25,WYCB1855,0.25,WYC1855B,0.25
carro_Qno4rum4ZGzYZWnF.jpg,B1867BZM,B1867BZM,1.0,B1867BZM,1.0,B1867BZM,1.0
carro_Lnr9qUmV7mTUlVGu.jpg,B2263UFD,2263UFD,0.875,2263UFD,0.875,2263UFD,0.875
carro_RPbwEAuHGohgOLoP.jpg,B1562WZW,B1562WZW,1.0,B1562WZW,1.0,B1562WZW,1.0
carro_qwBf2XfSqXHCfCfa.jpg,B1475KID,B1475KID,1.0,B1475KID,1.0,B1475KID,1.0
carro_1rCyy574SM2gDiXP.jpg,B2795RT,2795,0.5714285714285714,2795RT,0.8571428571428571,2795,0.5714285714285714
IMG_20210205_145912.jpg,B1707WOZ,B1707WOZ,1.0,B1707WOZ,1.0,B1707WOZ,1.0
carro_DzZWUM48DDZwHEKO.jpg,B2531KKB,B2531KKB,1.0,B2531KKB,1.0,B2531KKB,1.0
IMG_20210128_104216.jpg,B1870BOM,1870BOM,0.875,B1870BOM,1.0,1870BOM,0.875
carro_1xu8GaJlBuqz9IeY.jpg,B1651EKR,B1651EKR,1.0,B1651EKR,1.0,B1651EKR,1.0
carro_p5M2ysbsDBycVDpt.jpg,H1308FC,H1308FC,1.0,I1308A,0.5714285714285714,H1308FC,1.0
carro_cjmBHDqMIhPfPskT.jpg,F1434IF,F1434IF,1.0,F1434IF,1.0,F1434IF,1.0
carro_PU1K0zlCZJB80rSP.jpg,B1933KIT,B1933KIT,1.0,B1933KIT,1.0,B1933KIT,1.0
carro_m2VPqlAbJPT76rXP.jpg,B1684EMU,684EMU,0.75,1684EMU,0.875,684EMU,0.75
carro_BhW0c14EfrO48qCt.jpg,B1655WOW,B1655WOW,1.0,1655WOW,0.875,B1655WOW,1.0
carro_9UEqZQPdQCLQq4BW.jpg,B1444BKA,1444BKA,0.875,444BKA,0.75,1444BKA,0.875
carro_7yCqHEgOYKthGBZW.jpg,B1241WZB,B1241WZB,1.0,B1241WZB,1.0,B1241WZB,1.0
carro_IfcNpYJC3hFZPO7O.jpg,B2775SYX,B2775SYX,1.0,B2775SYX,1.0,B2775SYX,1.0
carro_2Ytt1NwEfOmeQz6i.jpg,B1631UIZ,B163UVZ,0.75,B163UVZ,0.75,B163UVZ,0.75
carro_Ny7PHEuHGoGJfeSg.jpg,B1063UOU,B1063YOU,0.875,R1063YOU,0.75,B1063YOU,0.875
carro_Ngo6y1pyq5A38xVX.jpg,B1608AU,B1608AU,1.0,B1608AU,1.0,B1608AU,1.0
carro_6CBT4bmoWqUNnDyn.jpg,B1707FOW,B1707FOW,1.0,B1707FOW,1.0,B1707FOW,1.0
carro_T8gq0TpGYdwn3Kf0.jpg,B1340UAG,1340UAG,0.875,1340UAG,0.875,1340UAG,0.875
carro_RJdz8EP7TnhxrZWZ.jpg,F1417KE,F1417KE,1.0,F1417KE,1.0,F1417KE,1.0
carro_nxf6B58RhyzoMSYC.jpg,B1815BEO,B1815BEO,1.0,DO1815BEO,0.75,B1815BEO,1.0
carro_Kmoazo1dhfS1j08v.jpg,B2773TKL,2773TKL,0.875,2773TKL,0.875,2773TKL,0.875
carro_DtWEfJijtPhnmlsl.jpg,B1115VDY,1115VDY,0.875,1115VDY,0.875,1115VDY,0.875
carro_nMBvd8my9q0UdujL.jpg,B2016SID,132016SID,0.75,B2016SID,1.0,132016SID,0.75
carro_wXKH7l4rm3YFGE1M.jpg,B1761TLQ,B1761TLA,0.875,B1761TLA,0.875,B1761TLA,0.875
carro_MAzleddDULgRNHhT.jpg,B1445EOO,B1445E00,0.75,1445E00,0.625,B1445E00,0.75
carro_q18LktjDoz1VZRA3.jpg,B28SAT,B28SAT,1.0,B28SAT,1.0,B28SAT,1.0
carro_oy1tNZOpmzgEdH3O.jpg,B1667EMP,B1667EMP,1.0,B7667EMP,0.875,B667EMP,0.875
carro_ggfYzmHHaFRsQhvu.jpg,H9305YZ,I9305YZ,0.8571428571428571,A9305XZ,0.7142857142857143,A9305XZ,0.7142857142857143
carro_PlNDaED99Zo3Tfdx.jpg,B1781UJI,B1781UJI,1.0,B1781UJI,1.0,B1781UJI,1.0
carro_8THnU5PJfkryPGrC.jpg,B1073BYN,B1073BYN,1.0,B1073BYN,1.0,B1073BYN,1.0
carro_kTTpxVddOoZeQU3i.jpg,B86POL,B86POL,1.0,B86POL,1.0,B86POL,1.0
carro_W3YMLzyZZiYUC4SV.jpg,BE2717DT,BE2777DD,0.75,BE2711911,0.5,BE2777DD,0.75
carro_cSHzr8kKqQLOJS0L.jpg,B2069BOL,B2069BOL,1.0,B2069BOL,1.0,B2069BOL,1.0
carro_HaF5VBr2EWnD6ybw.jpg,B1518EMO,31518IMM,0.625,31518FEMO,0.75,31518IMM,0.625
carro_LfG7KOjNKgfRj9Bg.jpg,B7892JT,B7892JT,1.0,B7892,0.7142857142857143,B7892JT,1.0
carro_modQXJjZqg8SxIin.jpg,B2331EBC,2331EBC,0.875,2331EBC,0.875,2331EBC,0.875
carro_HdfKn6MdB9NtKVQb.jpg,B2692TZR,B2692TZR,1.0,B2692TZR,1.0,B2692TZR,1.0
carro_KjQQZpQLjoDwVUyU.jpg,B1724ERO,B1724ERO,1.0,B1724ERO,1.0,B1724ERO,1.0
carro_lxAl8g2fbMqCI4VE.jpg,B1622AS,31622AS,0.8571428571428571,B1622AS,1.0,31622AS,0.8571428571428571
carro_rVPHk9wQpE3xd1PL.jpg,B1453BVA,B1453BVA,1.0,B1453BVA,1.0,B1453BVA,1.0
carro_qYm7IeFSYWrZG3wv.jpg,B2115SOG,B2115SOG,1.0,B2115SGG,0.875,B2115SGG,0.875
carro_1mWjDZ2TGGc6IjXZ.jpg,B2604FVK,32604FVK,0.875,32604FVK,0.875,32604FVK,0.875
carro_3gqDx1FyDVM5qkBd.jpg,F1361KE,I1361KE,0.8571428571428571,1361KE,0.8571428571428571,I1361KE,0.8571428571428571
carro_b4Bwva431LfUBle9.jpg,B1135VFQ,B1135VFQ,1.0,B1135VFQ,1.0,B1135VFQ,1.0
carro_1DFN1e1yhw6ffmGh.jpg,F1190FF,1190FF,0.8571428571428571,FF1190,0.5714285714285714,1190FF,0.8571428571428571
IMG_20210217_150941.jpg,B1274KYA,B1270KYA,0.875,ITSKYA,0.375,B1270KYA,0.875
IMG_20210201_114042.jpg,B1557UGZ,B1557UGZ,1.0,B1557UGZ,1.0,B1557UGZ,1.0
carro_7R4OphQSMq7rnZiy.jpg,B1545SAB,1545SAB,0.875,B1545SAB,1.0,1545SAB,0.875
carro_eBDnwrZfvThTbpQo.jpg,B444DHE,BALLDHE,0.5714285714285714,444OHE,0.7142857142857143,BALLDHE,0.5714285714285714
carro_DBlsDb1Af6yY4E8b.jpg,B1839KKB,B1839KKB,1.0,B1839KKB,1.0,B1839KKB,1.0
carro_88AfHgEfymK8bF8H.jpg,B1844TMD,B1844TMD,1.0,1844TMB,0.75,B1844TMD,1.0
IMG_20210203_153756.jpg,B1711EY,B1711EY,1.0,B1711EY,1.0,B1711EY,1.0
carro_cxy6DiVXeGmXd9Nq.jpg,B1485FAB,BI1485FAB,0.875,BI1485FAB,0.875,BI1485FAB,0.875
carro_6qiwO6fjExgvEm0S.jpg,B2179KKU,IB2179KKUI,0.75,IB2179KKUI,0.75,IB2179KKUI,0.75
carro_A0W5z58OQDGNsjn3.jpg,B8508GG,38508GG,0.8571428571428571,B8508GG,1.0,B8508GG,1.0
carro_hjfCWVb6z6tU85jO.jpg,B1905TYM,B1905TYM,1.0,B1905TYM,1.0,B1905TYM,1.0
IMG_20210128_110246.jpg,B2808KKG,B2808KKG,1.0,B2808KKG,1.0,B2808KKG,1.0
IMG_20210206_155311.jpg,B2786PFQ,32786PFO,0.75,32786PFO,0.75,32786PFO,0.75
carro_yGgetqOFktFv2mNs.jpg,B1770UMA,B1770UMA,1.0,B1770UMA,1.0,B1770UMA,1.0
carro_c9KmDLrl1f1VEBve.jpg,Bo1233DJ,BE1233DJ,0.875,BE1233DJ,0.875,BE1233DJ,0.875
carro_rQ9q0atWf3MzkFZQ.jpg,B1599URM,B1599URM,1.0,B1599URM,1.0,B1599URM,1.0
carro_l6OIHJIGTq1mDoCn.jpg,B1396PFG,B396PFG,0.875,B396PFG,0.875,B396PFG,0.875
carro_sUK3OC0oWj7EXoy6.jpg,B1055COH,B1055COH,1.0,B1055COH,1.0,B1055COH,1.0
carro_iUOdhgUr1mpC7rYB.jpg,B1759FYG,1759FYC,0.75,1759FYC,0.75,1759FYC,0.75
carro_GcUdK20LoCDIRJrX.jpg,B574NIN,B574NIN,1.0,B574NIN,1.0,B574NIN,1.0
carro_tfSQUGH41LLJYjDQ.jpg,H1273NF,H1273NF,1.0,1273NF,0.8571428571428571,H1273NF,1.0
carro_K14tNkoDp8b4nVN6.jpg,B1446UAF,B1446UAF,1.0,B1446UAF,1.0,B1446UAF,1.0
carro_ufjcqr7PEO8xQHqO.jpg,B1655BOH,1655BOH,0.875,1655BOH,0.875,1655BOH,0.875
carro_hoa2xP2fKgFTYmDf.jpg,B1568FZP,B1568FZP,1.0,1568FZP,0.875,B1568FZP,1.0
carro_GwUt6kqBfCPewNEl.jpg,B188MTH,B188MTH,1.0,B188MTH,1.0,B188MTH,1.0
IMG_20210130_161329.jpg,B1477VKT,B1477VKT,1.0,B1477VKT,1.0,B1477VKT,1.0
IMG_20210128_090614.jpg,B1816NYV,B1816NYV,1.0,B1816NYV,1.0,B1816NYV,1.0
carro_xPnQ1UWxWfEYxkIj.jpg,B1727TZO,B1727TZO,1.0,B1727TZO,1.0,B1727TZO,1.0
carro_7GO649rh37DMtShp.jpg,B2122QF,B2122QF,1.0,B2122QF,1.0,B2122QF,1.0
carro_TsQT7HFKTJJvDJkr.jpg,B1425PVF,B1425PVF,1.0,B1425PVF,1.0,B1425PVF,1.0
carro_B1dUu7578wyqWDcn.jpg,B1982ML,B1982ML,1.0,B1982ML,1.0,B1982ML,1.0
carro_ElGtWm75IYB5lAz9.jpg,F1531KO,F1531KO,1.0,1531,0.5714285714285714,F1531KO,1.0
carro_a45dBbd3DICzwbj1.jpg,B1761SRJ,B1761SRJ,1.0,B1761SRJ,1.0,B1761SRJ,1.0
carro_9uhenkUkXPTBpqdr.jpg,B1179TLO,B1179TLO,1.0,B1179TLO,1.0,B1179TLO,1.0
carro_xBLKqem4B1Mxfc55.jpg,B1600PFS,B1600PFS,1.0,B1600PFS,1.0,B1600PFS,1.0
carro_H34heqLBvV5td5Pi.jpg,B2107STD,B2107STD,1.0,B2107STD,1.0,B2107STD,1.0
carro_SPCI6D9nb7MZLJwM.jpg,B2352UFU,B2352UFU,1.0,B2352UFU,1.0,B2352UFU,1.0
carro_ReCmZkb1fERi7SJK.jpg,B1239Q,B1239,0.8333333333333334,1239,0.6666666666666666,B1239,0.8333333333333334
IMG_20210206_100747.jpg,B1941PRN,B1941PRN,1.0,B1941PRN,1.0,B1941PRN,1.0
carro_Djz1TLTR7zcTTLDs.jpg,B1818SJL,B1818SK,0.75,B1818SKL,0.875,B1818SK,0.75
carro_hStXfSVAxF38NCIF.jpg,B2197SZW,B2197SZW,1.0,B2197SZW,1.0,B2197SZW,1.0
carro_9ZEmLnU3YLy5F2Sl.jpg,B188CDB,B188CDB,1.0,B188CDB,1.0,B188CDB,1.0
IMG_20210201_142437.jpg,B9499TK,9499TK,0.8571428571428571,9499TK,0.8571428571428571,9499TK,0.8571428571428571
carro_um1POY9Pg3iI3XYZ.jpg,B1496PLO,B496PLO,0.875,B496PLO,0.875,B496PLO,0.875
carro_a4Qt3UQSS2hglQBd.jpg,B2837BBM,32837BBM,0.875,82837BBM,0.875,32837BBM,0.875
carro_ZCGoucoT2Bkxnmjl.jpg,AD8538MS,ADD8538MS,0.875,AD8538MS,1.0,ADD8538MS,0.875
carro_Cmo10a0omKX63kXu.jpg,B2043KVI,B2043KVI,1.0,B2043KVI,1.0,B2043KVI,1.0
carro_asaUv4WJwPOXhlCr.jpg,F1022AI,I1022AI,0.8571428571428571,I1022AI,0.8571428571428571,I1022AI,0.8571428571428571
carro_T7H8qgXAoUt2YZhH.jpg,B2024RC,2024RC,0.8571428571428571,B2024RC,1.0,2024RC,0.8571428571428571
carro_c1GuV4FIuvsUjlhJ.jpg,B1943KYY,B1943KYY,1.0,B1943KYY,1.0,B1943KYY,1.0
carro_xxs4wkVa5U5V0yuf.jpg,B2758SOZ,SOZB2758,0.25,SOZB2758,0.25,SOZB2758,0.25
carro_vR9OE9QXZCY2zrWL.jpg,B2670SYH,B2670SYH,1.0,B2670SYH,1.0,B2670SYH,1.0
carro_zyXvelaDh18OEXns.jpg,B1899PIJ,31899PIJ,0.875,31899PIJ,0.875,31899PIJ,0.875
carro_1vtYj7VroJ9tryo4.jpg,F1602HC,F1602HC,1.0,F1602HC,1.0,F1602HC,1.0
carro_V7fe1ja29vIn8bOF.jpg,BE2717DT,BE2717DT,1.0,BE2717DT,1.0,BE2717DT,1.0
carro_vMSzh7M7J4y3NtLS.jpg,AB1875ON,1B1875GU,0.625,AB,0.25,1B1875GU,0.625
carro_iCVVWI3FFY3uhapZ.jpg,B1411NJG,B1411NJG,1.0,B1411NJG,1.0,B1411NJG,1.0
carro_lUTp7xuQ7GNT7Nvw.jpg,B1857CUF,B1857CUF,1.0,B1857CUF,1.0,B1857CUF,1.0
carro_nxCK5lTEISNoR30W.jpg,B1603WMF,1603WMF,0.875,B1603WMF,1.0,1603WMF,0.875
carro_67k7LxtRNX4Ko7wK.jpg,B1411NEQ,B1411NEA,0.875,B1411NEA,0.875,B1411NEA,0.875
IMG_20210219_110341.jpg,B1352UZW,B1352UZW,1.0,B1352UZW,1.0,B1352UZW,1.0
IMG-20210206-WA0055.jpg,B1599SEF,B1599SEF,1.0,B1599SEF,1.0,B1599SEF,1.0
carro_VXD9eBf9LyDLjrJK.jpg,B2281SYR,B2281SYR,1.0,B2281SYR,1.0,B2281SYR,1.0
IMG_20210208_124315.jpg,B1893PFP,1893PFP1B,0.625,1893PFP,0.875,1893PFP1B,0.625
carro_4bTYCoG6sSQjVyQI.jpg,B1851PAF,1851PAF,0.875,1851PAF,0.875,1851PAF,0.875
carro_HBB0hV9ehH1mOZx0.jpg,B1105PYQ,31105PYO,0.75,31105PYO,0.75,31105PYO,0.75
carro_mdD5Z4Jb5JAdBWCT.jpg,B1291ERL,B1291ERL,1.0,B1291ERL,1.0,B1291ERL,1.0
carro_8JJZFipBDSrgX4q9.jpg,B2186UFF,B2186UFF,1.0,B2186UFF,1.0,B2186UFF,1.0
carro_FSlIcImIjG2pjksP.jpg,B2817SOW,B2817SOW,1.0,B2817SOW,1.0,B2817SOW,1.0
carro_3fmvMBw9iVA4WAS4.jpg,T1688TC,I688TC,0.7142857142857143,I688TC,0.7142857142857143,I688TC,0.7142857142857143
20210130_153003.jpg,B1280KRT,B1280KRT,1.0,B1280KRT,1.0,B1280KRT,1.0
carro_EdFsCsLu0gJmPpAm.jpg,D355III,D355RI,0.7142857142857143,D355RI,0.7142857142857143,D355RI,0.7142857142857143
IMG_20210207_121301.jpg,B2272BGY,B2272BGY,1.0,B2272BGY,1.0,B2272BGY,1.0
carro_GuEJSnZmZHQv5UDm.jpg,B1360UIA,1350UIA,0.75,1350UIA,0.75,1350UIA,0.75
carro_nuPpIjMTtS5l5mOK.jpg,B1230KYS,B1230KYS,1.0,B1230KYS,1.0,B1230KYS,1.0
IMG-20210220-WA0095.jpg,B9379CRV,B9379CRV,1.0,9379CRV,0.875,B9379CRV,1.0
carro_b1vAN3GUEicVQDSP.jpg,B2311BBE,B2311BBE,1.0,B2311BBE,1.0,B2311BBE,1.0
carro_sEIXY9P00ncJ4xLh.jpg,B1996WMY,B1996WMY,1.0,B1996WMY,1.0,B1996WMY,1.0
carro_7qMjQyPGkjaudsK6.jpg,B2617STF,B2617STF,1.0,B2617STF,1.0,B2617STF,1.0
carro_H3RvtOeaQky0H9W3.jpg,B1017VKN,B1017VKN,1.0,B1017VKN,1.0,B1017VKN,1.0
carro_FDq2hAf5gpXBUWuh.jpg,B2873KFY,B2273KFY,0.875,B2873KFY,1.0,B2873KFY,1.0
carro_NYbI8RSXFdvQTDJ1.jpg,B9376TCA,B9376TCA,1.0,B9376TCA,1.0,B9376TCA,1.0
carro_3ywqkEcabY4kuDAE.jpg,B54RYO,354RYO,0.8333333333333334,354RYO,0.8333333333333334,354RYO,0.8333333333333334
carro_OraXNbmebxs2oC4I.jpg,B2050BOQ,2050BCO,0.625,B2050BOQ,1.0,2050BCO,0.625
carro_qLY5VXr4tfQKgCOx.jpg,B1217CLQ,B1217CLO,0.875,B1217CLO,0.875,B1217CLO,0.875
IMG_20210211_130419.jpg,B2643TZO,B2643TZO,1.0,B2643TZO,1.0,B2643TZO,1.0
carro_smGXoa0MDykbZDTM.jpg,B271MMY,B271MMY,1.0,B271MMY,1.0,B271MMY,1.0
carro_LffTJxQN5Y52dF6m.jpg,B1693BZF,B1693BZF,1.0,B1693BZF,1.0,B1693BZF,1.0
carro_iVF5LpSq3MsNECgK.jpg,B2107SBD,B2107SBD,1.0,B2107SBD,1.0,B2107SBD,1.0
carro_CIArKV0UFSt0RaA0.jpg,B1338TIW,B1338TIW,1.0,B1338TIW,1.0,B1338TIW,1.0
carro_hFuJ5hSZJNcaC9du.jpg,D1575ED,B1575ED,0.8571428571428571,D1575ED,1.0,B1575ED,0.8571428571428571
carro_y3nV6DgfnKHhFkER.jpg,B2638LT,B2638LT,1.0,CO2638LT,0.7142857142857143,B2638LT,1.0
carro_N4cvwlkCRLN80bwG.jpg,B94LAK,B94LAK,1.0,B94LAK,1.0,B94LAK,1.0
carro_irE9B1BC3ganDo9H.jpg,B808SAP,3808SAP,0.8571428571428571,B808SAP,1.0,B808SAP,1.0
carro_fqYlHWNStukeGsOZ.jpg,T1698ZT,1698ZII,0.5714285714285714,698,0.42857142857142855,1698ZII,0.5714285714285714
carro_eQzIRz9bd0JKYRw1.jpg,B1804NRF,B1804NRF,1.0,B1804NRF,1.0,B1804NRF,1.0
IMG_20210130_114455.jpg,B1651SRU,B1651SRU,1.0,B1651SRU,1.0,B1651SRU,1.0
carro_XUhWHFSOKpBhaYJr.jpg,B2755SYA,2755SYA,0.875,2755SYA,0.875,2755SYA,0.875
carro_baE2ksrzD95o5VFW.jpg,WPR7723,WPR7723,1.0,WPR7723,1.0,WPR7723,1.0
carro_9tY7NmFEeDGumSs5.jpg,JPR5602,JPR5602,1.0,JPR5602,1.0,JPR5602,1.0
carro_Br6wvF11hgz33Ynt.jpg,WXQ448,WXQ448,1.0,WXQ448,1.0,WXQ448,1.0
carro_bCXQp7KpHak9JeOe.jpg,JJK8392,JJK8392,1.0,JJK8392,1.0,JJK8392,1.0
carro_8BTzRWmz3WGdEfLt.jpg,JLX6540,JLX6540,1.0,JLX6540,1.0,JLX6540,1.0
carro_fvfxDnIgQC6N6Nyc.jpg,AKM1428,AKM1428,1.0,AKM1428,1.0,AKM1428,1.0
carro_Dg3A6Tn2upZVxp4P.jpg,WYW5323,WYW5323,1.0,WYW5323,1.0,WYW5323,1.0
carro_c0cM6x8jYoNa1iQq.jpg,VBQ6105,VBQ6105,1.0,VBQ6105,1.0,VBQ6105,1.0
carro_2SONaRXpGKcBJCb9.jpg,W2610W,W2610W,1.0,W2610W,1.0,W2610W,1.0
carro_FcW49ojq3Aj3Pb1Z.jpg,VQ9234,VQ9234,1.0,VQ9234,1.0,VQ9234,1.0
carro_8nhMpoHDUD9MNHaL.jpg,WB7702M,WB7702M,1.0,WB7702M,1.0,WB7702M,1.0
carro_HGp6It4u3DWHhnjG.jpg,WXU 9065,WXU9065,0.875,NXU9065,0.75,WXU9065,0.875
carro_aSRkCCk1FpSPJ5rJ.jpg,WXX1913,WXX1913,1.0,WXX1913,1.0,WXX1913,1.0
carro_ipG22WJ4vizTwDbF.jpg,VBG8287,VBG8287,1.0,VBG8287,1.0,VBG8287,1.0
carro_dMIs7TKwP0oOn1h1.jpg,WXQ7570,WXQ7570,1.0,WXQ7570,1.0,WXQ7570,1.0
carro_IvTBELE3y5d1O55l.jpg,WVX1483,WVX1483,1.0,WVX1483,1.0,WVX1483,1.0
carro_gSDVN1biNh4gq8rX.jpg,MCK6851,MCK6851,1.0,MCK6851,1.0,MCK6851,1.0
carro_INs279PFpO27seXU.jpg,MCK6851,MCK6851,1.0,MCK6851,1.0,MCK6851,1.0
carro_4wdwHIHPFvLvv3P1.jpg,MCQ5622,MCQ5622,1.0,MCQ5622,1.0,MCQ5622,1.0
carro_JsoDadZSbdfGCRyI.jpg,SS4324X,SS4324X,1.0,SS4324X,1.0,SS4324X,1.0
carro_3HEftBVNarU0xXFI.jpg,TBP6076,6076TBP,0.14285714285714285,TBP6076,1.0,6076TBP,0.14285714285714285
carro_FrFp3MsNkfEhFPrk.jpg,JQR2210,JOR2210,0.8571428571428571,JOR2210,0.8571428571428571,JOR2210,0.8571428571428571
carro_fRZAsyU75FQtTkA8.jpg,JUT883,JUT883,1.0,JUT883,1.0,JUT883,1.0
carro_jEm4UFv4fYum4Jl4.jpg,DDR6730,DOR6730,0.8571428571428571,WOR6730,0.7142857142857143,DOR6730,0.8571428571428571
carro_8uA5zpTPoYbZFE1o.jpg,JKQ5588,JKQ5588,1.0,JKQ5588,1.0,JKQ5588,1.0
carro_JB9zq6ojxVjYpevM.jpg,W557K,W557K,1.0,W557K,1.0,W557K,1.0
carro_AM2B5oBP3os2nFkW.jpg,WVX1483,WVX1483,1.0,WVX1483,1.0,WVX1483,1.0
carro_5ltjpnIQp8dezcZO.jpg,MCY7710,MCY7710,1.0,MCY7710,1.0,MCY7710,1.0
carro_JIVwBrU5LoRNn3H4.jpg,WGT3307,WGT3307,1.0,WGT3307,1.0,WGT3307,1.0
carro_BBVjYO4MdKw985t3.jpg,MCY7710,MCY7710,1.0,MCY7710,1.0,MCY7710,1.0
carro_j1vmlUUTS4ocuQWQ.jpg,VDE6210,VDE6210,1.0,VDE6210,1.0,VDE6210,1.0
carro_d115oUHwshYT620l.jpg,MCK6851,MCK6851,1.0,MCK6851,1.0,MCK6851,1.0
carro_2RiMjXf0h9CPprLJ.jpg,WWE2643,WWE2643,1.0,WWE2643,1.0,WWE2643,1.0
carro_7W7bAeYTVOJi5nK1.jpg,WB4753J,WB4753J,1.0,WB4753J,1.0,WB4753J,1.0
carro_ATAsKbDjXA8q3Tjg.jpg,WA1352B,WA1352B,1.0,WA1352B,1.0,WA1352B,1.0
carro_FB4eNvMRf1bedWBf.jpg,WA1352B,WA1352B,1.0,NA1352B,0.8571428571428571,WA1352B,1.0
carro_9mG3xzNKNl5z1C62.jpg,KCN2324,KCN2324,1.0,KCN2324,1.0,KCN2324,1.0
carro_DuXBeswhvPTRLoxz.jpg,VEM6184,VEM6184,1.0,VEM6184,1.0,VEM6184,1.0
carro_EfqnYNgACESbVG1g.jpg,JUT883,JUT883,1.0,JUT883,1.0,JUT883,1.0
carro_bOeqrHA3C64qgUSu.jpg,W3499X,W3499X,1.0,W3499X,1.0,W3499X,1.0
carro_gu7mRX0GXV5On5x6.jpg,WA6550C,6550C,0.7142857142857143,NA6550C,0.8571428571428571,6550C,0.7142857142857143
carro_Aai1uXNZ3q6v5HmS.jpg,W3499X,W3499X,1.0,W3499X,1.0,W3499X,1.0
carro_dkpRJOEs7DMjrqYP.jpg,VGX4961,VGX4961,1.0,VGX4961,1.0,VGX4961,1.0
carro_0RZXdx4ho6jXWYhk.jpg,BJB75,BJB75,1.0,BJB75,1.0,BJB75,1.0
carro_BqWYFAnaxfP3Ozsl.jpg,WXU9065,WXU9065,1.0,WXU9065,1.0,WXU9065,1.0
carro_1HMusyed0F98JaEh.jpg,VCR7755,VCR7755,1.0,VCR7755,1.0,VCR7755,1.0
carro_gCrmHRAH4ab3ZeSd.jpg,JPP4693,JPP4693,1.0,JPP4693,1.0,JPP4693,1.0
carro_H2nc93G1R1nbbxnn.jpg,PLS8492,PLS8492,1.0,PLS8492,1.0,PLS8492,1.0
carro_cTS9tpiPJ1RlFeI1.jpg,WB7702M,WB7702M,1.0,WB7702M,1.0,WB7702M,1.0
carro_FGTAeSORU1i0COFs.jpg,VAC1642,VAC1642,1.0,VAC1642,1.0,VAC1642,1.0
carro_43bwhjvWHzelXprj.jpg,AKM1428,AKM1428,1.0,AKM1428,1.0,AKM1428,1.0
carro_2gxN53HKN37xEegj.jpg,JNP2565,JNP2565,1.0,JNP2565,1.0,JNP2565,1.0
carro_8JOryxgoiKij6i5S.jpg,WRM4812,WRM4812,1.0,WRM4812,1.0,WRM4812,1.0
carro_9rZ8sE2QScBVv1SF.jpg,VGX4961,VGX4961,1.0,VGX4961,1.0,VGX4961,1.0
carro_dzrb2GL2Jk35n9Cq.jpg,W557K,W557K,1.0,W557K,1.0,W557K,1.0
carro_GUSoCAkKWVFlxWRt.jpg,JLX6540,JLX6540,1.0,JLX6540,1.0,JLX6540,1.0
carro_iSvLyg6VjPe2JgEC.jpg,MCY7710,MCY7710,1.0,MCY7710,1.0,MCY7710,1.0
carro_iGx4E5d9OH9XM9ii.jpg,PPJ1136,PPJ1136,1.0,PPJ1136,1.0,PPJ1136,1.0
carro_BzYbmKGBVqwHc15r.jpg,MCJ4422,MCJ4422,1.0,MCJ4422,1.0,MCJ4422,1.0
carro_hFVZjs9eDBnKcAtm.jpg,JNP2565,JNP2565,1.0,JNP2565,1.0,JNP2565,1.0
carro_G92nfcnrP9XLRoWU.jpg,VCP6788,VCP6788,1.0,VCP6708,0.8571428571428571,VCP6788,1.0
carro_cLkIlruTRotkimQy.jpg,VBG8287,VBG8287,1.0,VBG8287,1.0,VBG8287,1.0
carro_FAjUF0lK4l39nRjk.jpg,AHW3570,AHW3570,1.0,AHW3570,1.0,AHW3570,1.0
carro_4lYoGydb25lrnLz0.jpg,DDM1922,DDM1922,1.0,DDM1922,1.0,DDM1922,1.0
carro_AoGGK1xW27vAr7Xw.jpg,PLS8492,PLS8492,1.0,PLS8492,1.0,PLS8492,1.0
carro_Cxiy1E1hMAjPZzqx.jpg,WWY8011,WWY8011,1.0,WWY8011,1.0,WWY8011,1.0
carro_6ldT2b18g6Y2nE9F.jpg,VBB6997,VBB6997,1.0,VBB6997,1.0,VBB6997,1.0
carro_Fp9dM72iXBN3m7Kg.jpg,WNU4961,WNU4961,1.0,WNU4961,1.0,WNU4961,1.0
carro_7fb6UVV3jDBIPumT.jpg,WNU4961,WNU4961,1.0,WNU4961,1.0,WNU4961,1.0
carro_iw1ETpdU6a2e2E7k.jpg,DCG1433,DCG1433,1.0,DCG1433,1.0,DCG1433,1.0
carro_DNaMbhvCT1sVtPyl.jpg,RAC9999,RAC9999,1.0,RAC9999,1.0,RAC9999,1.0
carro_djXGaqRleqvPIPvb.jpg,WNF2304,WNF2304,1.0,WNF2304,1.0,WNF2304,1.0
carro_gjbTGV8URY59yTQ0.jpg,AKJ210,AKJ210,1.0,AKJ210,1.0,AKJ210,1.0
carro_G0gibWVqZdOv8Omc.jpg,WNU4961,WNU4961,1.0,WNU4961,1.0,WNU4961,1.0
carro_gpWBikmMywYPuPSU.jpg,AHW3570,3570AHW,0.14285714285714285,3570AHW,0.14285714285714285,3570AHW,0.14285714285714285
carro_B6HEmxXr0EM3dNLB.jpg,WXU9065,WXU9065,1.0,WXU9065,1.0,WXU9065,1.0
carro_esuPwxEljeldrRRN.jpg,WVQ7800,WVQ7800,1.0,WVQ7800,1.0,WVQ7800,1.0
carro_aYViapNeaYCQ5Wpt.jpg,AHA826,AHA826,1.0,AHA826,1.0,AHA826,1.0
carro_0mi7TzZujlzKCZkh.jpg,WWY8011,WWY8011,1.0,WWY8011,1.0,WWY8011,1.0
carro_1uXr4VcB8LiMfjp9.jpg,W8441P,W8441P,1.0,W8441P,1.0,W8441P,1.0
carro_Fzy2tIYlBQ22Xbqf.jpg,BNN7550,BNN7550,1.0,BNN7550,1.0,BNN7550,1.0
carro_8YO5pYJOOkKF6hhc.jpg,WRM4812,WRM4812,1.0,WRM4812,1.0,WRM4812,1.0
carro_5Hi3A5jhPwr0YzHv.jpg,JNW4191,JNW4191,1.0,JNW4191,1.0,JNW4191,1.0
carro_dBkZ2ESvo4ykfl2O.jpg,WA3839T,WA3839T,1.0,WA3839T,1.0,WA3839T,1.0
carro_5SuzBIhPnPfBmr02.jpg,PNC734,PNC734,1.0,PNC734,1.0,PNC734,1.0
carro_bDtukHy12j3PbKyN.jpg,DCG1433,DCG1433,1.0,DCG1433,1.0,DCG1433,1.0
carro_apPk0rAvcO5MOy77.jpg,JQM8119,JQM8119,1.0,JGM8119,0.8571428571428571,JQM8119,1.0
carro_i4mKQcOmH7jx9w71.jpg,VDE6210,VDE6210,1.0,VDE6210,1.0,VDE6210,1.0
carro_5y4lVUzQPNcrKBQM.jpg,SS4324X,SS4324X,1.0,SS4324X,1.0,SS4324X,1.0
carro_7KuIyDJRkq8ai5J4.jpg,W9915A,W9915A,1.0,W9915A,1.0,W9915A,1.0
carro_ip3ea7RX88Gz2nMn.jpg,WA603H,WA603H,1.0,WA603H,1.0,WA603H,1.0
carro_2oE5C4jeLpxr180t.jpg,MCK9722,MCK9722,1.0,MCK9722,1.0,MCK9722,1.0
carro_AaktqCNMPTZxOBUT.jpg,WA4116W,WA4116IV,0.7142857142857143,WA4116IV,0.7142857142857143,WA4116IV,0.7142857142857143
carro_eD1TF6cOkBwEYXvb.jpg,CDQ5455,CDO5455,0.8571428571428571,CDO5455,0.8571428571428571,CDO5455,0.8571428571428571
carro_9QqryYD20GaS2Shs.jpg,JQW9352,JOW9352,0.8571428571428571,JOW9352,0.8571428571428571,JOW9352,0.8571428571428571
carro_DBTEbkOvVtoS0ucv.jpg,WYQ2126,WYO2126,0.8571428571428571,WYO2126,0.8571428571428571,WYO2126,0.8571428571428571
carro_891qeWAS6dP219Uc.jpg,WNC9630,WNC9630,1.0,WNC9630,1.0,WNC9630,1.0
carro_eOxtuWMrUALxMzqP.jpg,NCW9871,NCW9871,1.0,NCW9871,1.0,NCW9871,1.0
carro_I09OPHf01Kabi7jO.jpg,WYK5859,WYK5859,1.0,WYK5859,1.0,WYK5859,1.0
carro_J5aicEhGnnpIKTd6.jpg,JLC7833,JLC833,0.8571428571428571,JLC833,0.8571428571428571,JLC833,0.8571428571428571
carro_3OMvfOkwGu9m5LP9.jpg,WVX1483,WVX1483,1.0,WVX1483,1.0,WVX1483,1.0
carro_dUBLBxF5YFlfuqDo.jpg,VGX4961,VGX4961,1.0,VGX4961,1.0,VGX4961,1.0
carro_CaAeRHpNgt0FSQjh.jpg,WRX7923,WRX7923,1.0,WRX7923,1.0,WRX7923,1.0
carro_2iZ8SL7ig38Mkyu9.jpg,MCW7012,MCW7012,1.0,MCW7012,1.0,MCW7012,1.0
carro_jApscPKTUllq8Doj.jpg,JPR5602,JPR5602,1.0,JPR5602,1.0,JPR5602,1.0
carro_1M9ZsA1tuRFA4sbX.jpg,W3937J,W3937J,1.0,3937J,0.8333333333333334,J3937J,0.8333333333333334
carro_6bBFrKTLHFB7Gu7l.jpg,WWH2407,WWH2407,1.0,WWH2407,1.0,WWH2407,1.0
carro_8W5kUM5gZjSoEYTw.jpg,DDU4200,DDU4200,1.0,DDU4200,1.0,DDU4200,1.0
carro_h1Uw25y2UKWr8Cx0.jpg,WMB2852,WMB2852,1.0,WMB2852,1.0,WMB2852,1.0
carro_6d95L2toxtGVYH6M.jpg,WQF6278,WOF6278,0.8571428571428571,WOF6278,0.8571428571428571,WOF6278,0.8571428571428571
carro_5KOlI1NGEvies2dp.jpg,WYK5859,WYK5859,1.0,WYK5859,1.0,WYK5859,1.0
carro_7WaT6j8AgJOc5e4M.jpg,VD8966,VD8966,1.0,VD8966,1.0,VD8966,1.0
carro_54s7gl467ebp9dps.jpg,W2610W,W2610W,1.0,W2610W,1.0,2610W,0.8333333333333334
carro_8h1aP6DWOJGZfaCZ.jpg,KEL3045,KEL3045,1.0,KEL3045,1.0,KEL3045,1.0
carro_BitbcSWJ75S8Tq1S.jpg,RAC9999,RAC9999,1.0,RAC9999,1.0,RAC9999,1.0
carro_fRhFE0WvIOfd7FHK.jpg,PNC734,PNC734,1.0,PNC734,1.0,PNC734,1.0
carro_gCdy6ZHiCxQpJ6Mn.jpg,DDU4200,DDU4200,1.0,DDU4200,1.0,DDU4200,1.0
carro_gfyjbeq45amziT33.jpg,WVY4431,WVY4431,1.0,WVY4431,1.0,WVY4431,1.0
carro_2cbm8pLjFI28ghe3.jpg,BJB75,BJB75,1.0,BJB75,1.0,BJB75,1.0
carro_dKWXVw4CCbXLKlYX.jpg,DDY4772,DDY4772,1.0,DDY4772,1.0,DDY4772,1.0
carro_g38ApIsgkUuGDpCy.jpg,1M4U4345,1M4U4345,1.0,1M4U4345,1.0,1M4U4345,1.0
carro_beQ346AOAOKHRuzz.jpg,CCA9182,CCA9182,1.0,CCA9182,1.0,CCA9182,1.0
carro_2eZYGdxGg0C72akr.jpg,PLS8492,PLS8492,1.0,PLS8492,1.0,PLS8492,1.0
carro_11gIhYGC2bxusDkI.jpg,WQF6278,WQF6278,1.0,WQF6278,1.0,WQF6278,1.0
carro_1H9XPs7PN3X92pMH.jpg,VBG8287,VBG8287,1.0,VBG8287,1.0,VBG8287,1.0
carro_aTGqo7AKEy0oVcr5.jpg,BMA7691,BMA7691,1.0,BMA7691,1.0,BMA7691,1.0
carro_8MLzKYSn8phRBUNH.jpg,MBW6869,MBW6869,1.0,MBW6869,1.0,MBW6869,1.0
carro_bp6TJrhb8UX1Q97N.jpg,MCK6851,MCK6851,1.0,MCK6851,1.0,MCK6851,1.0
carro_Ga6KUlkTkhple3ny.jpg,WWW7593,WWW7593,1.0,WWW7593,1.0,WWW7593,1.0
carro_f9XUgZkJOlhxVI9W.jpg,F3606,F3606,1.0,F3606,1.0,F3606,1.0
carro_cny9W5FuEHPnjePm.jpg,PHL3837,PHL3837,1.0,PHL3837,1.0,PHL3837,1.0
carro_5hwYxvxV85bwj2ci.jpg,WYN1788,WYN1788,1.0,WYN1788,1.0,WYN1788,1.0
carro_CrRDETK5JzdIItUA.jpg,DDY4772,DDY4772,1.0,DDY4772,1.0,DDY4772,1.0
carro_BMK9u7HnbrlUTbar.jpg,CCA9182,CCA9182,1.0,CCA9182,1.0,CCA9182,1.0
carro_cTLPj7gc2OYBDwVL.jpg,JPL914,JPL914,1.0,JPL914,1.0,JPL914,1.0
carro_cf2ykXiPTDLqvGM2.jpg,WA2094T,WA2094T,1.0,WA2094T,1.0,WA2094T,1.0
carro_7m1ZlsWFVviMBTjy.jpg,VDE6210,VDE6210,1.0,VDE6210,1.0,VDE6210,1.0
carro_Gf3buVlsgZRvEqS7.jpg,W3499X,W3499X,1.0,W3499X,1.0,W3499X,1.0
carro_3V96bCRThHp3lSJw.jpg,W9915A,W9915A,1.0,W9915A,1.0,W9915A,1.0
carro_4zssI05oVR9FNLzb.jpg,PLS8492,PLS8492,1.0,PLS8492,1.0,PLS8492,1.0
carro_hYneEZGgrMQnjq3P.jpg,WNC3112,WNC3112,1.0,WNC3112,1.0,WNC3112,1.0
carro_8eTixh2GLGbZiNBC.jpg,WPR7723,WPR7723,1.0,WPR7723,1.0,WPR7723,1.0
carro_9j6rYsHu5xV9STtg.jpg,JQU1198,JOU1198,0.8571428571428571,JQU1198,1.0,JQU1198,1.0
carro_aaffKAfsTryAcohN.jpg,WRM4812,WRM4812,1.0,WRM4812,1.0,WRM4812,1.0
carro_H4Vd9sbUf1jsKWP2.jpg,VAR7022,VAR7022,1.0,VAR7022,1.0,VAR7022,1.0
carro_4grXNNYgHA2MmC6j.jpg,RAH8518,RAH8518,1.0,RAH8518,1.0,RAH8518,1.0
carro_EWuj11bD4U5EHAa7.jpg,PMG4774,PMG4774,1.0,PMG4774,1.0,PMG4774,1.0
carro_bW9ucyVLTK8U1RiE.jpg,TBP6076,TBP6076,1.0,TBP6076,1.0,TBP6076,1.0
carro_DgiyHwQSKYbKMBVd.jpg,WWW241,WWW241,1.0,WWW241,1.0,WWW241,1.0
carro_0NiPL2XfWcK1LhXT.jpg,PHL3837,PHL3837,1.0,PHL3837,1.0,PHL3837,1.0
carro_2fAgpLk6NzjsvL6a.jpg,WVF6774,WVF6774,1.0,WVF6774,1.0,WVF6774,1.0
carro_BjuwYHgyUwnvblkr.jpg,BLV1334,BLV1334,1.0,BLV1334,1.0,BLV1334,1.0
carro_5V4GhGQZKYWGIO4R.jpg,WUA3558,WUA3558,1.0,WUA3558,1.0,WUA3558,1.0
carro_ioMKumT8UumrPZ0D.jpg,VEM6184,VEM6184,1.0,VEM6184,1.0,VEM6184,1.0
carro_JgtiCAre3p4IzZn2.jpg,VBQ6105,VBQ6105,1.0,VBQ6105,1.0,VBQ6105,1.0
carro_0cJNE5aD7cwCrgiK.jpg,VCP6788,VCP6788,1.0,VCP6788,1.0,VCP6788,1.0
carro_g1YVrztXUuvzFQf7.jpg,VD8966,VD8966,1.0,VD8966,1.0,VD8966,1.0
carro_3tWLprdjsyVjAkEP.jpg,VBG8287,VBG8287,1.0,VBG8287,1.0,VBG8287,1.0
carro_a4TA6cNuE9q3GEGf.jpg,WPT8263,WPT8263,1.0,WPT8263,1.0,WPT8263,1.0
carro_d2hKEdt6CGlPaS0m.jpg,MCW7012,MCW7012,1.0,MCW7012,1.0,MCW7012,1.0
carro_gVdwshWubHigqmx3.jpg,WA3839T,WA3839T,1.0,WA3839T,1.0,WA3839T,1.0
carro_eI1ZkJEFTGFte1K1.jpg,WB6777P,WB6777P,1.0,WB6777P,1.0,WB6777P,1.0
carro_J1plv13iOyu2AJva.jpg,BPL9429,BPL9429,1.0,BPL9429,1.0,BPL9429,1.0
carro_IPnRSbvAXNF4LCQj.jpg,1M4U4345,1M4U4345,1.0,1M4U4345,1.0,1M4U4345,1.0
carro_04Aqj2udaVRnooHz.jpg,VAC1642,VAC1642,1.0,VAC1642,1.0,VAC1642,1.0
carro_aAUKtsjSyFkOhQkj.jpg,BLQ5040,BLO5040,0.8571428571428571,BLO5040,0.8571428571428571,BLO5040,0.8571428571428571
carro_ikALMr6RRTZileEp.jpg,WVX1483,WVX1483,1.0,WIXX1483,0.7142857142857143,WVX1483,1.0
carro_4VOKbO6JGNge8yj0.jpg,WUY6788,WUY6788,1.0,NUY6788,0.8571428571428571,WUY6788,1.0
carro_gJsPjYVfIh4gEgxK.jpg,WUX7154,WUX7154,1.0,WUX7154,1.0,WUX7154,1.0
carro_HdQiDdyGuWdcJINf.jpg,AHF888,AHF888,1.0,AHF888,1.0,AHF888,1.0
carro_0tT4eKWuWnPLcnba.jpg,MCK9722,MCK9722,1.0,MCK9722,1.0,MCK9722,1.0
carro_2UAO67l3J2WSlO9o.jpg,WLG4918,WLG4918,1.0,WLG4918,1.0,WLG4918,1.0
carro_6cstj6v3mWsmd9pa.jpg,VGX4961,VGX4961,1.0,VGX4961,1.0,VGX4961,1.0
carro_dDRtrstq4wX38GIA.jpg,JNW4191,JNW4191,1.0,JNW4191,1.0,JNW4191,1.0
carro_0r1pBar7fp11f375.jpg,WNC9630,WNC7630,0.8571428571428571,WNC9630,1.0,WNC9630,1.0
carro_9j39vPDkaknSB8Hb.jpg,WYK5859,WYK5859,1.0,WYK5859,1.0,WYK5859,1.0
carro_edZVJDwGGvGQBfI5.jpg,JQW9352,JOW9352,0.8571428571428571,JOW9352,0.8571428571428571,JOW9352,0.8571428571428571
carro_5p7olhtCQx66gNB3.jpg,JPR5602,JPR5602,1.0,JPR5602,1.0,JPR5602,1.0
carro_AoihZivlKFSEljJb.jpg,MBW6869,MBW6869,1.0,MBW6869,1.0,MBW6869,1.0
carro_COljSrd4oY8Uzxj8.jpg,WC2117A,WC2117A,1.0,WC2117A,1.0,WC2117A,1.0
carro_HqUfeEEYxfTv1VSH.jpg,WXQ448,WXQ448,1.0,WXQ448,1.0,WXQ448,1.0
carro_cZv0hkcRG99Zp99Y.jpg,WNC3112,WNC3112,1.0,WNC3112,1.0,WNC3112,1.0
carro_CJygwDiNbEKAWckF.jpg,BNC3638,BNC3638,1.0,BNC3638,1.0,BNC3638,1.0
carro_COYhCwsUsDfYwyj6.jpg,WNC3112,WNC3112,1.0,WNC3112,1.0,WNC3112,1.0
carro_GvoW9EajLySfqi8z.jpg,FBI835,FBI835,1.0,FBI835,1.0,FBI835,1.0
carro_H1AN2sZGJfI7jUcD.jpg,SS7963T,SS7963I,0.8571428571428571,SS7963I,0.8571428571428571,SS7963I,0.8571428571428571
carro_5gtu1Hh5tnyZ3msc.jpg,DBP8298,DBP8298,1.0,DBP8298,1.0,DBP8298,1.0
carro_c3pEq5g4BeDKXkmH.jpg,WNH3673,WNH3673,1.0,WNH3673,1.0,WNH3673,1.0
carro_f0tfFNriM9CrZ6Y8.jpg,WXU9065,WXU9065,1.0,WXU9065,1.0,WXU9065,1.0
carro_A8nprfHDdwWkmlEE.jpg,WYW5323,WYW5323,1.0,WYW5323,1.0,WYW5323,1.0
carro_9RfHqLVcr61dclrj.jpg,WA1352B,NA1352B,0.8571428571428571,WA1352B,1.0,WA1352B,1.0
carro_CqsyfnFdWQoJ1nQG.jpg,VQ9234,VQ9234,1.0,VQ9234,1.0,VQ9234,1.0
carro_EOfk4P5NzuepSEa9.jpg,BLV1334,BLV1334,1.0,BLV1334,1.0,BLV1334,1.0
carro_iDXfosFVWTVpj6kV.jpg,MCL8631,MCL863I,0.8571428571428571,MCL863I,0.8571428571428571,MCL863I,0.8571428571428571
carro_FQSQMGJqklF3oJnI.jpg,MCW7012,MCW7012,1.0,MCW7012,1.0,MCW7012,1.0
carro_46ndTCV5akaPOkYE.jpg,WLG4918,WLG4918,1.0,WLG4918,1.0,WLG4918,1.0
carro_G06CQKEc4Loi7Win.jpg,VBB6997,VBB6997,1.0,VBB6997,1.0,VBB6997,1.0
carro_4bIQmZtwKBz0pRLr.jpg,BMA7691,BMA7691,1.0,BMA7691,1.0,BMA7691,1.0
carro_8UJrgfHGJRpJd8P1.jpg,AGX3228,AGX3228,1.0,AGX3228,1.0,AGX3228,1.0
carro_byQuxnkSDRQSRyo5.jpg,WPR7723,WPR7723,1.0,NPR7723,0.8571428571428571,WPR7723,1.0
carro_dtPuYM8VAixEbJLI.jpg,WXQ7570,WXQ7570,1.0,WXQ7570,1.0,WXQ7570,1.0
carro_7oJr04IcywI7wz8b.jpg,W8441P,W8441P,1.0,W8441P,1.0,W8441P,1.0
carro_3C98LwUtDVcBYIvO.jpg,RW929,RW929,1.0,RW929,1.0,RW929,1.0
carro_9ppUCGK2qglqNlgj.jpg,WVX1483,WVX1483,1.0,WVX1483,1.0,WVX1483,1.0
carro_hOGiihBPmXxWrx3t.jpg,BLU3249,BLU3249,1.0,BLU3249,1.0,BLU3249,1.0
carro_J3QHUOIWtWQYSGzI.jpg,WWH2407,WWH2407,1.0,WWH2407,1.0,WWH2407,1.0
carro_FhqtFsfEkqSkHLhK.jpg,CDQ5455,CDO5455,0.8571428571428571,CDO5455,0.8571428571428571,CDO5455,0.8571428571428571
carro_hvWIFrW1y4mudjtO.jpg,CDQ5455,CDG5455,0.8571428571428571,CDG5455,0.8571428571428571,CDG5455,0.8571428571428571
carro_e7LosbsJItIISmpk.jpg,JKA9645,JKA9645,1.0,JKA9645,1.0,JKA9645,1.0
carro_fLEx8UIlbZQIGg8o.jpg,VU3378,VU3378,1.0,WU3378,0.8333333333333334,VU3378,1.0
carro_3pWdtrsMO22z2ENc.jpg,VE3821,VE3821,1.0,VE3821,1.0,VE3821,1.0
carro_boj3bSEqe7Mm71XQ.jpg,JQM8119,JOM8119,0.8571428571428571,JQM8119,1.0,JQM8119,1.0
carro_Fia2T2o6VirbX7yG.jpg,WYN1788,WYN1788,1.0,WYN1788,1.0,WYN1788,1.0
carro_627kD3qUVoPRhCO8.jpg,WQL2421,WQL2421,1.0,WQL2421,1.0,WQL2421,1.0
carro_hHPPGiUTuCVoMwrR.jpg,MCY7710,MCY7710,1.0,MCY7710,1.0,MCY7710,1.0
carro_g293U9s2NQkBvQMk.jpg,WUY6788,WUY6788,1.0,WUY6788,1.0,WUY6788,1.0
carro_DKz1DkI1906N8m8j.jpg,TBP6076,TBP6076,1.0,TBP6076,1.0,TBP6076,1.0
carro_8LujoI9uZkuOT1cn.jpg,JQR2210,JOR2210,0.8571428571428571,JOR2210,0.8571428571428571,JOR2210,0.8571428571428571
carro_F2wh5twB5nddBQ2s.jpg,WNC9630,WNC9630,1.0,WNC9630,1.0,WNC9630,1.0
carro_F3KfBUpQGf8170Oz.jpg,JQM8119,JQM8119,1.0,JQM8119,1.0,JQM8119,1.0
carro_88UH9RCREwsgFimh.jpg,VGX4961,VGX4961,1.0,VGX4961,1.0,VGX4961,1.0
carro_4pq6npOZkbNxqdza.jpg,FB1835,FB1835,1.0,FB1835,1.0,FB1835,1.0
carro_9vY6fWxIxDNsLbyL.jpg,MBW6869,MBW6869,1.0,MBW6869,1.0,MBW6869,1.0
carro_cX6usOoyrd8EaRXK.jpg,VGV2349,VGV2349,1.0,VGV2349,1.0,VGV2349,1.0
carro_98p3e1QqENIRkC8K.jpg,AJW232,AJW232,1.0,AJW232,1.0,AJW232,1.0
carro_i2VjXzcHtQs0bUgg.jpg,CCN145,CCN145,1.0,CCN145,1.0,CCN145,1.0
carro_4xa7SIYrjgDD24RI.jpg,WXD1798,WXD1798,1.0,WXD1798,1.0,WXD1798,1.0
carro_jcVX5YFloYwK0Kmb.jpg,MCJ4422,MCJ4422,1.0,MCJ4422,1.0,MCJ4422,1.0
carro_IvOTUCYJc1jlLHW4.jpg,FB1835,FBIE35,0.6666666666666666,FBIEGS,0.3333333333333333,FBIE35,0.6666666666666666
carro_CT4Od4LghE2UCMxk.jpg,RAH8518,RAH8518,1.0,RAH8518,1.0,RAH8518,1.0
carro_hDZJULBiZo7MFpbm.jpg,WB4753J,WB4753J,1.0,WB4753J,1.0,WB4753J,1.0
carro_H4sRwuZ0xyiBhN7j.jpg,CCA9182,CCA9182,1.0,CCA9182,1.0,CCA9182,1.0
carro_3R4gBITO6iTNLoXB.jpg,BMM9152,BMM9152,1.0,BMM9152,1.0,BMM9152,1.0
carro_fgjhjEGyugul5qcM.jpg,WWW241,WWW241,1.0,WWW241,1.0,WWW241,1.0
carro_eJYcEsgeI36Qr9MV.jpg,MCJ4422,MCJ4422,1.0,MCJ4422,1.0,MCJ4422,1.0
carro_emuCaXbdlJKp8Hdg.jpg,JNP2565,JNP2565,1.0,JNP2565,1.0,JNP2565,1.0
carro_4I0jYycyeVEAptXs.jpg,JJK8392,JUK8392,0.8571428571428571,JUK8392,0.8571428571428571,JUK8392,0.8571428571428571
carro_5WajWxTwXDA5egD9.jpg,PNY5107,PNY5107,1.0,PNY5107,1.0,PNY5107,1.0
carro_i6g4srPGTU5uBgKS.jpg,WRX7923,WRX7923,1.0,WRX7923,1.0,WRX7923,1.0
carro_FL1IJvLQzi39aiWs.jpg,JNP9991,JNP9991,1.0,JNP9991,1.0,JNP9991,1.0
carro_4eAzjXL0DmDvejMF.jpg,CDQ5455,CDG5455,0.8571428571428571,CDO5455,0.8571428571428571,CDG5455,0.8571428571428571
carro_azMLzXPdLyo8HLFY.jpg,JRA6714,JRA6714,1.0,JRA6714,1.0,JRA6714,1.0
carro_acjzouNhH17R9x0s.jpg,VBQ6105,VBQ6105,1.0,VBQ6105,1.0,VBQ6105,1.0
carro_Jf8qBjUJh7TZtoDl.jpg,VBG8287,VBG8287,1.0,VBG8287,1.0,VBG8287,1.0
carro_9oZqc8Oh5QadxUj0.jpg,MCX9046,MCX9046,1.0,MCX9046,1.0,MCX9046,1.0
carro_30RnZGIpdR7qCgJI.jpg,WPR7723,WPR7723,1.0,WPR7723,1.0,WPR7723,1.0
carro_AEnBo4vmkcECKsie.jpg,MCQ5622,MCQ5622,1.0,MCQ5622,1.0,MCQ5622,1.0
carro_ee3Xov6wuUk7MX7K.jpg,WWH2407,WWH2407,1.0,WWH2407,1.0,WWH2407,1.0
carro_ibXcmeKxIPZT04Xy.jpg,WA5759J,WA5759J,1.0,WA5759J,1.0,WA5759J,1.0
carro_3orhWokkt4xjmxkr.jpg,BLS5853,BLS5853,1.0,BLS5853,1.0,BLS5853,1.0
carro_IWMwUxYi0pVLEBlx.jpg,BCM17,BCMI7,0.8,BCMI7,0.8,BCMI7,0.8
carro_glG2nJJ6ChjnLxR8.jpg,NCE4293,NCE4293,1.0,NCE4293,1.0,NCE4293,1.0
carro_9FrcWBYqpQIGedKC.jpg,BPL9429,BPL9429,1.0,BPL9429,1.0,BPL9429,1.0
carro_DoOTzeLYvRZzJsck.jpg,WRY5432,WRY5432,1.0,WRY5432,1.0,WRY5432,1.0
carro_76TKD3b0V3rVPAI5.jpg,JRA6714,JRA6714,1.0,JRA6714,1.0,JRA6714,1.0
carro_Fl0G5TsbThhcFITy.jpg,WWY8011,WWY8011,1.0,WWY8011,1.0,WWY8011,1.0
carro_DQXRiGxEA4SKva2P.jpg,WNF3568,WNF3568,1.0,WNF3568,1.0,WNF3568,1.0
carro_3zDS1drNt91RatZU.jpg,BMM9152,BMM9152,1.0,BMM9152,1.0,BMM9152,1.0
carro_I3vzMV29WzP55oOB.jpg,W9773C,W9773C,1.0,W9773C,1.0,W9773C,1.0
carro_79amsn2gobmSGPId.jpg,JPP4693,JPP4693,1.0,JPP4693,1.0,JPP4693,1.0
carro_cVuODLvZWSLOR9lI.jpg,NDF6955,NDF6955,1.0,NDF6955,1.0,NDF6955,1.0
carro_bkGGx4VDn1exNM9F.jpg,WPT8263,WPT8263,1.0,WPT8263,1.0,WPT8263,1.0
carro_C4gva3LOwL77mZB5.jpg,CDQ5455,CDG5455,0.8571428571428571,CDG5455,0.8571428571428571,CDG5455,0.8571428571428571
carro_ej0CQHhx6FsFwvE9.jpg,NCW9871,NCW871,0.8571428571428571,NCW871,0.8571428571428571,NCW871,0.8571428571428571
carro_afUQjtHUomYXXY8W.jpg,JKQ5588,JKQ5588,1.0,JKQ5588,1.0,JKQ5588,1.0
carro_2Uvl25fNosivcl9h.jpg,VD8966,VD8966,1.0,VD8966,1.0,VD8966,1.0
carro_frdQ77JpktYseWuY.jpg,BLV1334,BLV1334,1.0,BLV1334,1.0,BLV1334,1.0
carro_iMo6cRluehVQgyIh.jpg,JKQ5588,JKQ5588,1.0,JKQ5588,1.0,JKQ5588,1.0
carro_JM28kYBLyWcaKmkB.jpg,WA3839T,WA3839T,1.0,WA3839T,1.0,WA3839T,1.0
carro_6H95CP41ggJ0wCQu.jpg,WA1352B,WA1352B,1.0,WA1352B,1.0,WA1352B,1.0
carro_4Eg27TSWe6VP1k59.jpg,WYN1788,WYN1708,0.8571428571428571,WYN1780,0.8571428571428571,WYN1708,0.8571428571428571
carro_9Qju4ppCmSTnzLrA.jpg,PHL3837,PHL3837,1.0,PHL3837,1.0,PHL3837,1.0
carro_IIg80Msx4DapzXMZ.jpg,BLS5853,BLS5853,1.0,BLS5853,1.0,BLS5853,1.0
carro_gZB8QMA0JVFs2TLc.jpg,WJN2427,WJN2427,1.0,WJN2427,1.0,WJN2427,1.0
carro_4hwQDQevv5TKzY2A.jpg,WVF6774,WVF6774,1.0,WVF6774,1.0,WVF6774,1.0
carro_6lm1cWlUxy50SYjA.jpg,VGX4961,VGX4961,1.0,VGX4961,1.0,VGX4961,1.0
carro_3oN3xQ7DoL7Tj6yY.jpg,WUY6788,WUY6788,1.0,WAY6788,0.8571428571428571,WUY6788,1.0
carro_79RSgof1ZxN4khFY.jpg,JLX6540,JLX6540,1.0,JLX6540,1.0,JLX6540,1.0
carro_25RfKGjYYryyH7z5.jpg,VU3378,VU3378,1.0,VU3378,1.0,VU3378,1.0
carro_dEEt8BKUeA3X0IhL.jpg,WVX52,WNX52,0.8,INX52,0.6,INX52,0.6
carro_0xIF5q5rSE4gAww5.jpg,JKA9645,JKA9645,1.0,JKA9645,1.0,JKA9645,1.0
carro_IppwqcKR530sczZr.jpg,JQR2210,JOR2210,0.8571428571428571,JOR2210,0.8571428571428571,JOR2210,0.8571428571428571
carro_8xuvCNLP8gFLQdrK.jpg,W2610W,W2610W,1.0,W2610W,1.0,W2610W,1.0
carro_hzDxTJgKeuCMSQhi.jpg,VDE6210,VDE6210,1.0,VDE6210,1.0,VDE6210,1.0
carro_e5CGSdjxKncxCOdL.jpg,WNH3673,WNH3673,1.0,WNH3673,1.0,WNH3673,1.0
carro_eQoCe5lPx2rpiqWf.jpg,JKA9645,JKA9645,1.0,JKA9645,1.0,JKA9645,1.0
carro_3LrVQTf8nu1tRaxf.jpg,WVY4431,WVY4431,1.0,WVY4431,1.0,WVY4431,1.0
carro_7ryY9XFONcWPfRCC.jpg,WPT8263,WPT8263,1.0,WPT8263,1.0,WPT8263,1.0
carro_HMXc2PTO82cjhicZ.jpg,JLX6980,JLX6980,1.0,JLX6980,1.0,JLX6980,1.0
carro_2Wf0efYMmLiGN2DM.jpg,PNC734,PNC34,0.8333333333333334,PNC734,1.0,PNC34,0.8333333333333334
carro_HQa3wv4GygOBF0en.jpg,JPL914,JPL914,1.0,JPL914,1.0,JPL914,1.0
carro_4S825UULxAdmmBNB.jpg,VGV2349,VGV2349,1.0,VGV2349,1.0,VGV2349,1.0
carro_2sMkgkHTVjZRRyKs.jpg,NCW9871,NCW9871,1.0,NCW9871,1.0,NCW9871,1.0
carro_i02dYWGtR9IuRB24.jpg,BMA7691,BMA7691,1.0,BMA7691,1.0,BMA7691,1.0
carro_2XZiwfFNNWQFRAMQ.jpg,KCN2324,KCN2324,1.0,KCN2324,1.0,KCN2324,1.0
carro_B4uxpfX0HJdaAOtv.jpg,WRM4812,WRM4812,1.0,WRM4812,1.0,WRM4812,1.0
carro_5hp80zk0rICTvEkY.jpg,WUY6788,WUY6788,1.0,WUY6788,1.0,WUY6788,1.0
carro_gqyDZpgrCh1xVfBP.jpg,WVF6774,WVF6774,1.0,WVF6774,1.0,WVF6774,1.0
carro_14f5Q1dolvPhZuXU.jpg,SS7963T,SS7963I,0.8571428571428571,SS7963,0.8571428571428571,SS7963I,0.8571428571428571
carro_jKYdFl16vLAVbdMw.jpg,JLX6980,JLX6980,1.0,JLX6980,1.0,JLX6980,1.0
17558925.jpg,SLM272X,SLM272X,1.0,SLM272X,1.0,SLM272X,1.0
17583484.jpg,SJU7777S,STY,0.125,SY,0.125,STY,0.125
17593918.jpg,SDH2211E,SDH2211E,1.0,SDH2211E,1.0,SDH2211E,1.0
17572753.jpg,SGV3T,SGV3T,1.0,SGV3T,1.0,SGV3T,1.0
17581836.jpg,SMJ2294Z,SMJ22947,0.875,SMJ22947,0.875,SMJ22947,0.875
17691181.jpg,SBS8953Z,SBS8953Z,1.0,SBS8953Z,1.0,SBS8953Z,1.0
17559710.jpg,SJW2279K,SJW2279K,1.0,SJW2279K,1.0,SJW2279K,1.0
17588083.jpg,SKF8230M,SKFB230M,0.875,SKFB230M,0.875,SKFB230M,0.875
17584395.jpg,SDS1A,SDS1A,1.0,SDS1A,1.0,SDS1A,1.0
17592138.jpg,SFX3333Y,SFX3333Y,1.0,SFX3333Y,1.0,SFX3333Y,1.0
17563386.jpg,SFP633T,SFP633T,1.0,SFP633T,1.0,SFP633T,1.0
17624148.jpg,SKM1823L,SKM1823L,1.0,SKM1823L,1.0,SKM1823L,1.0
17563447.jpg,SGB9H,SGB9H,1.0,SGB9H,1.0,SGB9H,1.0
17563608.jpg,EA11D,EAIL,0.4,EAIID,0.6,EAIL,0.4
17587757.jpg,SLA230E,SLA230E,1.0,SLA230E,1.0,SLA230E,1.0
17563718.jpg,SKL1000A,SKL1000A,1.0,SKL1000A,1.0,SKL1000A,1.0
17593931.jpg,SFL71K,SFL71K,1.0,SFL71K,1.0,SFL71K,1.0
17641344.jpg,SDR7331G,SOR7331G,0.875,SDR7331G,1.0,SOR7331G,0.875
17573472.jpg,EW9292J,EW9292J,1.0,EW9292J,1.0,EW9292J,1.0
17668550.jpg,SKE2085K,SKE2085K,1.0,SKE2085K,1.0,SKE2085K,1.0
17589481.jpg,SGL8507G,SGL8507G,1.0,SGL8507G,1.0,SGL8507G,1.0
17581829.jpg,SKN3325P,SKN3325P,1.0,SKN3325P,1.0,SKN3325P,1.0
17613531.jpg,SJQ1041S,SJO1041S,0.875,SJO1041S,0.875,SJO1041S,0.875
17558907.jpg,SML2237D,SM2237D,0.875,SM2237D,0.875,SM2237D,0.875
17558773.jpg,SJC1936J,SJC1936J,1.0,SJC1936J,1.0,SJC1936J,1.0
17673048.jpg,SFD3844U,SFD3844U,1.0,SFD3844U,1.0,SFD3844U,1.0
17583463.jpg,SFW441T,SFW44IT,0.8571428571428571,SFW44IT,0.8571428571428571,SFW44IT,0.8571428571428571
17589273.jpg,SKD8878E,SKD8878E,1.0,SKD8878E,1.0,SKD8878E,1.0
17563683.jpg,SMG8998C,SMG8998C,1.0,SMG8998C,1.0,SMG8998C,1.0
17563891.jpg,SKS792S,SKS792S,1.0,SKS792S,1.0,SKS792S,1.0
17584410.jpg,SGY499E,SGY499E,1.0,SGY499E,1.0,SGY499E,1.0
17581861.jpg,SGM7800K,SGM7800K,1.0,SGM7800K,1.0,SGM7800K,1.0
17560358.jpg,SGH3175J,SGH3175J,1.0,SGH3175J,1.0,SGH3175J,1.0
17570131.jpg,SJP8B,SJP8B,1.0,SJP8B,1.0,SJP8B,1.0
17634623.jpg,SLP1144K,SLP1144K,1.0,SLP1144K,1.0,SLP1144K,1.0
17570123.jpg,EU36C,EU36C,1.0,EU36C,1.0,EU36C,1.0
17594185.jpg,SGF2800E,SGF2800E,1.0,SGF2800E,1.0,SGF2800E,1.0
17575984.jpg,SJJ4419D,SJJ4419D,1.0,SJJ4419D,1.0,SJJ4419D,1.0
17621256.jpg,SKX7010T,SKX7010T,1.0,SKX7010T,1.0,SKX7010T,1.0
17663930.jpg,SKC43E,SKC43E,1.0,SKC43E,1.0,SKC43E,1.0
17613530.jpg,SMD5914E,SKD59IEE,0.625,SKD59HE,0.625,SKD59IEE,0.625
17575939.jpg,SJZ6878P,SJZ6878P,1.0,SJZ6878P,1.0,SJZ6878P,1.0
17575976.jpg,SJQ561P,SJQ56IP,0.8571428571428571,SJQ56IP,0.8571428571428571,SJQ56IP,0.8571428571428571
17562389.jpg,SJX407R,SJX407R,1.0,SJX407R,1.0,SJX407R,1.0
17695715.jpg,SMH758B,SMH758B,1.0,SMH758B,1.0,SMH758B,1.0
17591117.jpg,SJW202U,SJW202U,1.0,SJW202U,1.0,SJW202U,1.0
17587699.jpg,SGC3617C,SGC3617C,1.0,SGC3617C,1.0,SGC3617C,1.0
17559680.jpg,SGE5413A,SGE5413A,1.0,SGE5413A,1.0,SGE5413A,1.0
17584414.jpg,SJB2058S,SJB2058S,1.0,SJB2058S,1.0,SJB2058S,1.0
17593936.jpg,SFZ3399Y,SFZ3399Y,1.0,SFZ3399Y,1.0,SFZ3399Y,1.0
17572748.jpg,SF9U,SF9U,1.0,SF9U,1.0,SF9U,1.0
17573547.jpg,SKN8313R,SKN8313R,1.0,SKN8313R,1.0,SKN8313R,1.0
17613537.jpg,SMD7675G,HAVE,0.0,AVED,0.0,HAVE,0.0
17589510.jpg,SMB298T,SMB298T,1.0,SMB298T,1.0,SMB298,0.8571428571428571
17641346.jpg,SKU9698L,SKUJ698L,0.875,SKUJ698L,0.875,SKUJ698L,0.875
17597993.jpg,SDT898Z,SDT898Z,1.0,SDT898Z,1.0,SDT898Z,1.0
17613439.jpg,SLB7563T,SLB7563T,1.0,SLB7563T,1.0,SLB7563T,1.0
17559715.jpg,SJC2798J,SJC2798J,1.0,SJC2798J,1.0,SJC2798J,1.0
17559702.jpg,SGN9133J,SGN9133J,1.0,SGN9133J,1.0,SGN9133J,1.0
17688722.jpg,SKR4626T,SKR4626T,1.0,SKR4626T,1.0,SKR4626T,1.0
17613434.jpg,SGZ369S,SGZ369S,1.0,SGZ369S,1.0,SGZ369S,1.0
17641337.jpg,SKP878U,SKP878U,1.0,SKP878U,1.0,SKP878U,1.0
17613435.jpg,SFX493M,SFX493M,1.0,SFX493M,1.0,SFX493M,1.0
17602821.jpg,SMB149R,SMB149R,1.0,SMB149R,1.0,SMB149R,1.0
17581517.jpg,SLR5686B,SLR5686B,1.0,SLR5686B,1.0,SLR5686B,1.0
17613441.jpg,SLP6992X,SLP6992X,1.0,SLP6992X,1.0,SLP6992X,1.0
17592112.jpg,SLA3849B,SLA3849B,1.0,SLA38498,0.875,SLA38498,0.875
17559679.jpg,SJE1481T,SJE1481T,1.0,SJE1481T,1.0,SJE1481T,1.0
17559666.jpg,SGY4410J,SGY4410J,1.0,SGY4410J,1.0,SGY4410J,1.0
17570465.jpg,SLJ2088P,SLJ2088P,1.0,SLJ2088P,1.0,SLJ2088P,1.0
17563469.jpg,SDD82U,SDD82U,1.0,SDD82U,1.0,SDD82U,1.0
17589253.jpg,SGW1749M,SGW1749M,1.0,SGWI749M,0.875,SGW1749M,1.0
17570459.jpg,SKL4113M,SKL4113M,1.0,SKL4113M,1.0,SKL4113M,1.0
17559671.jpg,SGX7331P,SGX733IP,0.875,SGX733IP,0.875,SGX733IP,0.875
17559147.jpg,SMG8666K,SMG8666K,1.0,SMG8666K,1.0,SMG8666K,1.0
17634654.jpg,SLL1763U,SLL1763U,1.0,SLL1763U,1.0,SLL1763U,1.0
17589418.jpg,SJP8340M,SJP8340M,1.0,SJP8340M,1.0,SJP8340M,1.0
17647143.jpg,SKU2995A,SKU2995A,1.0,SKU2995A,1.0,SKU2995A,1.0
17589612.jpg,SFD6274U,SFD6274U,1.0,SFD6274U,1.0,SFD6274U,1.0
17560161.jpg,SJX2964K,SJX2964K,1.0,SJX2964K,1.0,SJX2964K,1.0
17570505.jpg,SKW360J,SKW360J,1.0,SKW360J,1.0,SKW360J,1.0
17583482.jpg,SJB7204D,SJB7204D,1.0,SJB7204D,1.0,SJB7204D,1.0
17647149.jpg,SLA9752G,STIGHT,0.125,STIGES,0.125,STIGHT,0.125
17668568.jpg,SQ300U,SQ300U,1.0,SQ300U,1.0,SQ300U,1.0
17572736.jpg,SDM88G,SDMBBG,0.6666666666666666,SDMBBG,0.6666666666666666,SDMBBG,0.6666666666666666
17572765.jpg,SKK9696U,SKK9696U,1.0,SKK9696U,1.0,SKK9696U,1.0
17558769.jpg,SLU6204L,SLU6204L,1.0,SLU6204L,1.0,SLU6204L,1.0
17594230.jpg,SLH686L,SLH686L,1.0,SLH686L,1.0,SLH686L,1.0
17594261.jpg,SGA208E,SGA208E,1.0,SGA208E,1.0,SGA208E,1.0
17562355.jpg,SFM58U,SFM58U,1.0,SFM58U,1.0,SFM58U,1.0
17563688.jpg,SBA63P,SBAG3P,0.8333333333333334,SBAG3P,0.8333333333333334,SBAG3P,0.8333333333333334
17573092.jpg,EQ8338A,EQ8338A,1.0,EQ8338A,1.0,EQ8338A,1.0
17575997.jpg,SGX8278D,SGX8278D,1.0,SGX8278D,1.0,SGX8278D,1.0
17560369.jpg,SGH6616J,SGH6616J,1.0,SGH6616J,1.0,SGH6616J,1.0
17588086.jpg,SLH9464B,SLH9464B,1.0,SLH9464B,1.0,SLH9464B,1.0
17647138.jpg,SLE5069B,SLE5069B,1.0,SLE5069B,1.0,SLE5069B,1.0
17656029.jpg,SJZ3191G,SJZ3191G,1.0,SJZ3191G,1.0,SJZ3191G,1.0
17559996.jpg,SJJ4419D,SJJ4419D,1.0,SJJ4419D,1.0,SJJ4419D,1.0
17560239.jpg,SGY4303K,SGY4303K,1.0,SGY4303K,1.0,SGY4303K,1.0
17594167.jpg,SLM3483J,SLM3483,0.875,SLM3483,0.875,SLM3483,0.875
17574515.jpg,SJM5857A,STAY,0.125,SSM,0.25,STAY,0.125
17563653.jpg,SFN78G,SFN78G,1.0,SFN78G,1.0,SFN78G,1.0
17563532.jpg,SMN7200R,SMN720OR,0.875,SMN720OR,0.875,SMN720OR,0.875
17563567.jpg,SCE988M,SCE988M,1.0,SCE988M,1.0,SCE988M,1.0
17575930.jpg,SBS2823E,SBS2823E,1.0,SBS2823E,1.0,SBS2823E,1.0
17558780.jpg,SBP2638P,SBP2638P,1.0,SBP2638P,1.0,SBP2638P,1.0
17647112.jpg,SJL7967H,SJL7967H,1.0,SJL7967H,1.0,SJL7967H,1.0
17563523.jpg,SME584B,SME584B,1.0,SME584B,1.0,SME584B,1.0
17621246.jpg,SMQ480D,SMQ480D,1.0,SMQ480D,1.0,SMQ480D,1.0
17597988.jpg,SLP5207L,SLP5207L,1.0,SLP5207L,1.0,SLP5207L,1.0
17621265.jpg,SKR2154B,SKR2154B,1.0,SKR2154B,1.0,SKR2154B,1.0
17621250.jpg,SMC6610E,SMC6GIDE,0.625,SMCESIDE,0.5,SMC6GIDE,0.625
17688710.jpg,SLK474R,SLK474R,1.0,SLK474R,1.0,SLK474R,1.0
17591302.jpg,ER9944M,ER9944M,1.0,ER9944M,1.0,ER9944M,1.0
17702742.jpg,SLW2637L,SLW2637L,1.0,SLW2637Y,0.875,SLW2637Y,0.875
17583460.jpg,SJB8875K,SJB8875K,1.0,SJB8875K,1.0,SJB8875K,1.0
17563872.jpg,SBK200H,SBK200H,1.0,SBK200H,1.0,SBK200H,1.0
17558918.jpg,SMA1272R,SMA1272R,1.0,SMA1272R,1.0,SMA1272R,1.0
17577215.jpg,SLL9671Z,SLL9671Z,1.0,SLL9671Z,1.0,SLL9671Z,1.0
17688706.jpg,SMF1237S,SMF1237S,1.0,SMF1237S,1.0,SMF1237S,1.0
17624161.jpg,SGL1448P,SGL1448P,1.0,SGL1448P,1.0,SGL1448P,1.0
17668558.jpg,SKC6184S,SKC6184S,1.0,SKC6184S,1.0,SKC6184S,1.0
17572810.jpg,SKH233Y,SKH233Y,1.0,SKH233Y,1.0,SKH233Y,1.0
17559983.jpg,SKA2688S,SKA2688S,1.0,SKA2688S,1.0,SKA2688S,1.0
17584468.jpg,SFJ8993H,SFJ8993H,1.0,SFJ8993H,1.0,SFJ8993H,1.0
17668563.jpg,SKF8747P,SKFB747P,0.875,SKFB747P,0.875,SKFB747P,0.875
17584385.jpg,SKD4958J,SKD4958,0.875,SKD4958,0.875,SKD4958,0.875
17656041.jpg,SDF8388A,SDF8388A,1.0,SDF8388A,1.0,SDF8388A,1.0
17584433.jpg,SKC9317G,SKC9317G,1.0,SKC9317G,1.0,SKC9317G,1.0
17560193.jpg,EC40J,EC40J,1.0,EC40J,1.0,EC40J,1.0
17592149.jpg,SKN2794A,SKN2794A,1.0,SKN2794A,1.0,SKN2794A,1.0
17584459.jpg,SDJ33E,SDJ33E,1.0,SDJ33E,1.0,SDJ33E,1.0
17591131.jpg,SLU1173A,SLUIIT3A,0.625,SLU1173A,1.0,SLUIIT3A,0.625
17597957.jpg,SJZ1969T,SJZ1969T,1.0,SJZ1969T,1.0,SJZ1969T,1.0
17559660.jpg,SJW8599Y,SJW8599,0.875,SJW8599Y,1.0,SJW8599,0.875
17588080.jpg,SFH988L,SFH9881,0.8571428571428571,SFH9881,0.8571428571428571,SFH9881,0.8571428571428571
17593922.jpg,SFG1798S,SFG1798S,1.0,SFG1798S,1.0,SFG1798S,1.0
17688723.jpg,SGX1877X,SGX1877X,1.0,SGX1877X,1.0,SGX1877X,1.0
17560169.jpg,SMB269C,SMB269C,1.0,SMB269C,1.0,SMB269C,1.0
17658134.jpg,SLL1240L,SLL1240L,1.0,SLL1240L,1.0,SLL1240L,1.0
17641354.jpg,SJX1332R,1332R,0.625,1332R,0.625,1332R,0.625
17589230.jpg,SGN647C,SGN647C,1.0,SGN647C,1.0,SGN647C,1.0
17573481.jpg,SGN66D,SGN66D,1.0,SGN66D,1.0,SGN66D,1.0
17589291.jpg,SKK2526Z,SKK2526Z,1.0,SKK2526Z,1.0,SKK2526Z,1.0
17559140.jpg,SMK9999Y,SMK9999Y,1.0,SMK9999Y,1.0,SMK9999Y,1.0
17597978.jpg,SLQ8370Y,SLOB370Y,0.75,SLOB370Y,0.75,SLOB370Y,0.75
17592102.jpg,SMG4597C,SMG4597C,1.0,SMG4597C,1.0,SMG4597C,1.0
17575947.jpg,SBS2752B,SBS2752B,1.0,SBS2752B,1.0,SBS2752B,1.0
17642849.jpg,SJM2823S,SUM2823S,0.875,SUM2233,0.625,SUM2823S,0.875
17570484.jpg,SLA3139S,SLA3139S,1.0,SLA3139S,1.0,SLA3139S,1.0
17584401.jpg,SJR7551S,SJR7551S,1.0,SJR7551S,1.0,SJR7551S,1.0
17579480.jpg,SLM1727U,SLM1727U,1.0,SLM1727U,1.0,SLM1727U,1.0
17559737.jpg,SGG6789Z,SGG6789Z,1.0,SGG6789Z,1.0,SGG6789Z,1.0
17594245.jpg,SKC4325R,SKC4325R,1.0,SKC4325R,1.0,SKC4325R,1.0
17658121.jpg,SKN90K,SKNYOK,0.6666666666666666,SKNYOK,0.6666666666666666,SKNYOK,0.6666666666666666
17584399.jpg,SJW3310X,SJW3310X,1.0,SJW3310X,1.0,SJW3310X,1.0
17668555.jpg,SLE3821J,SLE3821J,1.0,SLE3821J,1.0,SLE3821J,1.0
17688724.jpg,SKB1919C,SKB1919C,1.0,SKB1919C,1.0,SKB1919C,1.0
17695729.jpg,SGH8254G,SGH8254G,1.0,SGH8254G,1.0,SGH8254G,1.0
17700069.jpg,SJZ56J,SJZ56J,1.0,SJZ56J,1.0,SJZ56J,1.0
17563677.jpg,SLR3335C,SLR3335C,1.0,SLR3335C,1.0,SLR3335C,1.0
17568266.jpg,SLV1763S,SLV1763S,1.0,SLV1763S,1.0,SLV1763S,1.0
17585869.jpg,SJM5536B,SJM5536B,1.0,SJM5536B,1.0,SJM5536B,1.0
17560278.jpg,SJE6454P,SJE6454P,1.0,SJE6454P,1.0,SJE6454P,1.0
17606848.jpg,SLS97D,SLS97D,1.0,SLS97D,1.0,SLS97D,1.0
17606853.jpg,SMN5261C,5261C,0.625,5261C,0.625,5261C,0.625
17594250.jpg,SLA650B,SLA650B,1.0,SLA650B,1.0,SLA650B,1.0
17621252.jpg,SJV3949J,SUV3949J,0.875,SJV33999,0.625,SUV3949J,0.875
17584390.jpg,SKD6387T,SKDG387T,0.875,SKDG387T,0.875,SKDG387T,0.875
17570450.jpg,SKL4113M,SKL4113M,1.0,SKL4113M,1.0,SKL4113M,1.0
17594171.jpg,SLH9349B,SLH9349B,1.0,SLH9349B,1.0,SLH9349B,1.0
17563516.jpg,SME584B,SME584B,1.0,SME584B,1.0,SME584B,1.0
17570071.jpg,SKG125G,SKG125G,1.0,SKG125G,1.0,SKG125G,1.0
17702725.jpg,SMH1712B,SMHI7I2B,0.75,SMHI712B,0.875,SMHI712B,0.875
17581505.jpg,SKR6917R,SKR69I7R,0.875,SKR69I7R,0.875,SKR69I7R,0.875
17558795.jpg,SJR2587Y,SJR2587Y,1.0,SJR2587Y,1.0,SJR2587Y,1.0
17592082.jpg,SLQ35T,SLO35T,0.8333333333333334,SLO35T,0.8333333333333334,SLO35T,0.8333333333333334
17573477.jpg,SBD88C,SBDEEC,0.6666666666666666,SBDEEC,0.6666666666666666,SBDEEC,0.6666666666666666
17561138.jpg,SJM5517G,SJM5517G,1.0,SJM5517G,1.0,SJM5517G,1.0
17613428.jpg,SGD263D,SCD263D,0.8571428571428571,SCD263,0.7142857142857143,SCD263,0.7142857142857143
17658153.jpg,SMA4143K,SMA4143K,1.0,SMA4143K,1.0,SMA4143K,1.0
17570476.jpg,SLJ2088P,SLJ2088P,1.0,SLJ2088P,1.0,SLJ2088P,1.0
17581504.jpg,SGP3967Z,SGP3967Z,1.0,SGP3967Z,1.0,SGP3967Z,1.0
17589493.jpg,SGL8507G,SGL8507G,1.0,SGL8507G,1.0,SGL8507G,1.0
17594175.jpg,SKD2222L,SKD2222L,1.0,SKD22222,0.875,SKD2222L,1.0
17700135.jpg,SLL2498D,SLL2498D,1.0,SLL2498D,1.0,SLL2498D,1.0
17563473.jpg,SDD82U,SDD82U,1.0,SDD82U,1.0,SDD82U,1.0
17606855.jpg,SMC831Z,SMC831Z,1.0,SMC831Z,1.0,SMC831Z,1.0
17563433.jpg,SKJ2391A,SKJ2391A,1.0,SKJ2391A,1.0,SKJ2391A,1.0
17585831.jpg,SLT5652M,5652M,0.625,5652M,0.625,5652M,0.625
17606860.jpg,SKK3466G,SKK34660,0.875,SKK34660,0.875,SKK34660,0.875
17606866.jpg,SLV9913Z,SLV9913Z,1.0,SLV9913Z,1.0,SLV9913Z,1.0
17558905.jpg,SJH5045C,SJH5045C,1.0,SJH5045C,1.0,SJH5045C,1.0
17573474.jpg,SFJ9C,SFJ9C,1.0,SFJSC,0.8,SFJSC,0.8
17613433.jpg,SMP9785X,SMP9785X,1.0,SMP9785X,1.0,SMP9785X,1.0
17658164.jpg,SLN9398C,SLN9398C,1.0,SLN9398C,1.0,SLN9398C,1.0
17606819.jpg,SGK7070K,SGK7070K,1.0,SGK7070K,1.0,SGK7070K,1.0
17589266.jpg,SFW441T,SFW44IT,0.8571428571428571,SFW44IT,0.8571428571428571,SFW44IT,0.8571428571428571
17563412.jpg,EZ9110K,EZ9IIOK,0.5714285714285714,EZ9IIOK,0.5714285714285714,EZ9IIOK,0.5714285714285714
17579525.jpg,SLS5574K,5574K,0.625,5574K,0.625,5574K,0.625
17558931.jpg,SMM8499U,SMM8499U,1.0,SMM8499U,1.0,SMM8499U,1.0
17563919.jpg,SMJ8Y,SMJSY,0.8,SMJ8Y,1.0,SMJ8Y,1.0
17594293.jpg,SKR4882U,SKR4882U,1.0,SKR4882U,1.0,SKR4882U,1.0
17594239.jpg,SFR4413A,SFR4413A,1.0,SFR4413A,1.0,SFR4413A,1.0
17657907.jpg,SKE7918A,SKE7918A,1.0,SKE7918A,1.0,SKE7918A,1.0
17592050.jpg,SLN4878S,SLN4878S,1.0,SLN4878S,1.0,SLN4878S,1.0
17641332.jpg,SKH1192A,SKH1192A,1.0,SKH1192A,1.0,SKH1192A,1.0
17606856.jpg,SLV202B,SLV202B,1.0,SLV202B,1.0,SLV202B,1.0
17587760.jpg,SGU1352J,SGU1352,0.875,SGU13521,0.875,SGU13521,0.875
17563910.jpg,SFD123L,SFD123L,1.0,SFD123L,1.0,SFD123L,1.0
17562366.jpg,SGD7200P,SGD7200P,1.0,SGD7200P,1.0,SGD7200P,1.0
17583462.jpg,SGP399H,SGP399H,1.0,SGP399H,1.0,SGP399H,1.0
17559675.jpg,SJA1883M,SJA1883M,1.0,SJA1883M,1.0,SJA1883M,1.0
17688712.jpg,SJM6522J,SJM6522J,1.0,SJM6522J,1.0,SJM6522J,1.0
17589284.jpg,SKD6387T,SKD6387T,1.0,SKDG387T,0.875,SKDG387T,0.875
17560285.jpg,SKH2670E,SKH2670E,1.0,SKH2670E,1.0,SKH2670E,1.0
17702736.jpg,SKN7142Z,SKN7142Z,1.0,SKN7142Z,1.0,SKN7142Z,1.0
17577249.jpg,SKV5352E,SKV5352E,1.0,SKV5352E,1.0,SKV5352E,1.0
17562307.jpg,SJD7265S,SJD7265S,1.0,SJD7265S,1.0,SJD7265S,1.0
17593928.jpg,SLG1008T,SLG1008T,1.0,SLG100BT,0.875,SLG100BT,0.875
17585846.jpg,SKK64C,SKK64C,1.0,SKK64C,1.0,SKK64C,1.0
17573458.jpg,SLJ8287S,SLJB287S,0.875,SLJB287S,0.875,SLJB287S,0.875
17606846.jpg,SMN7034D,SMN7034D,1.0,7034D,0.625,SMN7034D,1.0
17594253.jpg,SJB8885G,SJBB885G,0.875,SJBB885G,0.875,SJBB885G,0.875
17647135.jpg,SMP4820K,SMP4820K,1.0,SMP4820K,1.0,SMP4820K,1.0
17560362.jpg,SFW9130G,SFW9130G,1.0,SFW9130G,1.0,SFW9130G,1.0
17606824.jpg,SMM3512Y,SMM3512Y,1.0,SMM3512Y,1.0,SMM3512Y,1.0
17583480.jpg,SJR5045A,SJR5045A,1.0,SJR5045A,1.0,SJR5045A,1.0
17563914.jpg,SBC9388H,SBC9388H,1.0,SSC9380H,0.75,SBC9388H,1.0
17702730.jpg,EU19C,EU19C,1.0,EU19C,1.0,EU19C,1.0
17584430.jpg,SGB9353D,SGB9353D,1.0,SGB9353D,1.0,SGB9353D,1.0
17560156.jpg,SJS8620P,SJS8620P,1.0,SJS8620P,1.0,SJS8620P,1.0
17647109.jpg,SFZ8379Y,SFZ8379Y,1.0,SFZ8379Y,1.0,SFZ8379Y,1.0
17591175.jpg,SLZ6388M,SLZ6388M,1.0,SLZ6388M,1.0,SLZ6388M,1.0
17583457.jpg,SBR9183C,SBR9183C,1.0,SBR9183C,1.0,SBR9183C,1.0
17621242.jpg,SDT5393E,SDT5393E,1.0,SDT5393E,1.0,SDT5393E,1.0
17695732.jpg,SFK28S,SFK28S,1.0,SFK28S,1.0,SFK28S,1.0
17570136.jpg,SLG11P,SLGIIP,0.6666666666666666,SLGIIP,0.6666666666666666,SLGIIP,0.6666666666666666
17558937.jpg,SMJ1186J,SMJ1186J,1.0,SMJ188J,0.75,SMJ1186J,1.0
17563564.jpg,SMF26R,SMF26R,1.0,SMF26R,1.0,SMF26R,1.0
17562332.jpg,SKH8552Z,SKH8552Z,1.0,SKH8552Z,1.0,SKH8552Z,1.0
17560191.jpg,SJC1935L,SJC1935L,1.0,SJC1935L,1.0,SJC1935L,1.0
17589277.jpg,SJG22G,SJG22G,1.0,SJG22G,1.0,SJG22G,1.0
17628501.jpg,SGW75E,SGW75E,1.0,SGW75E,1.0,SGW75E,1.0
17559728.jpg,SGQ756E,SGQ756E,1.0,SGQ756E,1.0,SGQ756E,1.0
17634647.jpg,SMH20X,SMH20X,1.0,SMH2OX,0.8333333333333334,SMH20X,1.0
17584465.jpg,SJD8316Y,SJD8316Y,1.0,SJD8316Y,1.0,SJD8316Y,1.0
17594324.jpg,SMN9344X,9344X,0.625,9344X,0.625,9344X,0.625
17562317.jpg,SKA6100U,SKA6100U,1.0,SKA6100U,1.0,SKA6100U,1.0
17634643.jpg,SMK1887P,SMK1887P,1.0,SMK1887P,1.0,SMK1887P,1.0
17589441.jpg,SKK924X,SKK924X,1.0,SKK924X,1.0,SKK924X,1.0
17700066.jpg,SMG8023R,SMG8023R,1.0,SMG8023R,1.0,SMG8023R,1.0
17634637.jpg,SMN4069Z,SMN4069Z,1.0,SMN4069Z,1.0,SMN4069Z,1.0
17613442.jpg,SJK9130Y,SJK9130Y,1.0,SJK9130Y,1.0,SJK9130Y,1.0
17585861.jpg,SLC5864H,SLC5864H,1.0,SLC5864H,1.0,SLC5864H,1.0
17584381.jpg,SGZ6009S,SGZ6009S,1.0,SGZ6009S,1.0,SGZ6009S,1.0
17577202.jpg,SCQ1118M,SCOIIIIBM,0.25,SCO111BM,0.75,SCOIIIIBM,0.25
17668564.jpg,SMH8596Z,SMH8596Z,1.0,SMH8596Z,1.0,SMH8596Z,1.0
17570497.jpg,SJX7111Y,SJX711Y,0.875,SJX711Y,0.875,SJX711Y,0.875
17589504.jpg,SJW6237E,SJW6237E,1.0,SJW6237E,1.0,SJW6237E,1.0
17589488.jpg,SCH239B,SCH239B,1.0,SCH239B,1.0,SCH239B,1.0
17585809.jpg,SKL848C,SKL848C,1.0,SKL848C,1.0,SKL848C,1.0
17563456.jpg,SGW2240G,SGW2240G,1.0,SGW2240G,1.0,SGW2240G,1.0
17563427.jpg,SKP4642G,SKP46420,0.875,SKP46420,0.875,SKP46420,0.875
17584446.jpg,SFT3329G,SFT3329G,1.0,SFT3329G,1.0,SFT3329G,1.0
17563696.jpg,SKJ8088L,J8088L,0.75,SKJ8088L,1.0,J8088L,0.75
17570445.jpg,SJS827M,SJS827M,1.0,SJS827M,1.0,SJS827M,1.0
17606863.jpg,SJN8401G,SJN8401G,1.0,SJN8401G,1.0,SJN8401G,1.0
17606816.jpg,SKV4086E,SKV408GE,0.875,SKV408GE,0.875,SKV408GE,0.875
17572711.jpg,SLX2191A,SLX2191A,1.0,SLX2191A,1.0,SLX2191A,1.0
17563422.jpg,SKP4642G,SKP4642G,1.0,SKP4642G,1.0,SKP4642G,1.0
17584452.jpg,SGY4303K,SGY4303K,1.0,SGY4303K,1.0,SGY4303K,1.0
17634652.jpg,SKT1L,SKTIL,0.8,SKTIL,0.8,SKTIL,0.8
17558764.jpg,SMN3468L,346BL,0.5,346BL,0.5,346BL,0.5
17700048.jpg,SJS9003P,SJS9003P,1.0,SJS9003P,1.0,SJS9003P,1.0
17559725.jpg,SGQ756E,SGQ756E,1.0,SGO756E,0.8571428571428571,SGQ756E,1.0
17572787.jpg,GBJ2202U,GBJ2202U,1.0,GBJ2202U,1.0,GBJ2202U,1.0
17695735.jpg,SLK9107S,SLK9107S,1.0,SLK9107S,1.0,SLK9107S,1.0
17597942.jpg,SFY6832Z,SFY6832Z,1.0,SFY6832Z,1.0,SFY6832Z,1.0
17588068.jpg,SJL1626G,SJL1626G,1.0,SJL1626G,1.0,SJL1626G,1.0
17562352.jpg,SFX4415M,SFX4415M,1.0,SFX4415M,1.0,SFX4415M,1.0
17565657.jpg,SMB3597K,SMB3597K,1.0,SSBB3597K,0.75,SMB3597K,1.0
17558928.jpg,SMH3901J,SMH3901J,1.0,SMH3901J,1.0,SMH3901J,1.0
17657897.jpg,SGJ9944G,SGJ9944G,1.0,SGJ9944G,1.0,SGJ9944G,1.0
17563673.jpg,SJA1893J,SJA1893J,1.0,SJA1893J,1.0,SJA1893J,1.0
17558766.jpg,SJE1985G,SJE1985G,1.0,SJE1985G,1.0,SJE1985G,1.0
17563708.jpg,SKK382J,SKK382J,1.0,382JSKK,0.14285714285714285,SKK382J,1.0
17668549.jpg,SGY5497C,SGY5497C,1.0,SGY54970,0.875,SGY54970,0.875
17563573.jpg,SDZ5500G,SDZ5500G,1.0,SDZ5500G,1.0,SDZ5500G,1.0
17634649.jpg,SDG969X,SDG969X,1.0,SDG969X,1.0,SDG969X,1.0
17695705.jpg,SLP5419S,SLP5419S,1.0,SLP5419S,1.0,SLP5419S,1.0
17573542.jpg,SKB8500E,SKB8500E,1.0,SKB8500E,1.0,SKB8500E,1.0
17585840.jpg,SLV3250S,SLV3250S,1.0,SLV3250S,1.0,SLV3250S,1.0
17559687.jpg,SGN3783Y,SGN3783Y,1.0,SGN3783Y,1.0,SGN3783Y,1.0
17573495.jpg,SKK8998E,SKK8998E,1.0,SKK8998E,1.0,SKK8998E,1.0
17594160.jpg,SJU8813P,SJU8813P,1.0,SJU8813P,1.0,SJU8813P,1.0
17559976.jpg,SKA9865B,SKA9865B,1.0,SKA9865B,1.0,SKA9865B,1.0
17588077.jpg,SGV1026X,SGV1026X,1.0,SGV1026X,1.0,SGV1026X,1.0
17584375.jpg,SGB2542X,SGB2542X,1.0,SGB2542X,1.0,SGB2542X,1.0
17628490.jpg,SKH5989S,SKH5989S,1.0,SKH5989S,1.0,SKH5989S,1.0
